name,lat,lng
상익카,37.3959131,126.9707023
카젠 개봉광명점,37.4929981,126.8678819
원미카클리닉,37.49695195,126.791705
피트크루,37.2644923,127.0216164
매봉오토빌리지,37.48832675,127.0411311
털보카서비스,34.8700288,128.730963
오일팩토리,36.078572,128.3524416
화이트모터스,34.95117396,127.489377
토마토 모터스,37.7742779,128.8912564
프라임모터스,36.90327868,126.7023305
타이어프로 녹산점,35.1122197,128.8833133
와보라모터스,36.3392696,127.3438061
NK모터스,35.1466701,128.7065939
송라현대공업사,37.6616519,127.3020004
현대그린카,37.30313031,126.974901
DS모터스,37.66754995,126.8016552
차우모터스,37.00152239,127.134785
애니카랜드 성서공단점,35.84961218,128.4852189
애니카랜드 청림점,35.9944898,129.4031474
애니카랜드 경산점,35.82851464,128.7304989
차사랑 카클리닉,37.7566954,128.9224925
유럽모터스,35.1512217,126.8369522
무주지포트 용인기흥점,37.31969833,127.1044793
아짚모터스(AZIP MOTORS),37.56345324,126.9130779
차병원motors,37.48062523,126.6822139
현대 카클리닉 정비센터,35.80878371,128.5098617
보정현대공업사,37.32103483,127.1111029
타이어신,35.20650647,126.8791548
JS모터스(송파),37.4987855,127.1409339
제이 모터스,37.55595283,127.2018446
현대카마스타,37.3581584,126.7542335
차사랑,35.20819567,129.0087267
현정카 프로정비,37.50047051,126.7362605
경동모터스,35.19209438,129.0885305
(주)가나안모터스,37.50510088,126.859948
신성모터스,37.73905725,127.0942523
kb매직카(산본카센타),37.3505878,126.9539948
한솔모터스(HS모터스),37.16612585,127.1776039
무지개카공업사,37.4986095,126.9164468
차앤차샵,35.14922882,128.697817
닥터카센터,37.40516166,127.1221988
타이어타운 담양점,35.3113404,126.9820535
서운자동차공업사,36.9423227,127.2592178
청춘자동차공업사,37.6981127,127.2034282
더 세븐모터스,37.65276386,127.1140473
보쉬카서비스 수완점,35.19377858,126.8139994
강화현대공업사,37.7173807,126.4753768
주식회사 원라인모터스,37.6687429,126.6458304
바른자동차정비,37.49163549,129.1212296
지성모터스,35.1837113,128.1111055
동서모터스,35.16280365,129.0468136
OZCAR(오즈카),37.21068062,127.0674237
FM카서비스,37.4985476,126.8957588
피버,35.13155379,128.9436496
예스카,35.86390489,127.1181406
베스트카 서비스(의왕),37.34546983,126.9761428
HK자동차,37.53231437,127.1235345
성신자동차공업사,37.55780907,126.8111773
성림 휠얼라이먼트,35.87729126,128.6790148
승진자동차,37.5570451,126.8642592
카포스 월드자동차공업사,37.5209886,126.8622674
남수원종합카,37.26087622,127.019516
오토오아시스 방이점,37.51350546,127.1172085
타이어프로 인동점,36.1098166,128.4178323
석촌카센타,37.5028989,127.0985641
대신자동차공업사,37.552342,127.0929183
안모터스,35.5427015,129.3138077
스피드메이트 양재점,37.4679807,127.0430861
뉴비츠로모터스,37.45731784,127.0321682
리페로,36.3399405,127.4485898
예스모터스,37.50997358,127.0182903
스피드메이트터미널점,34.8106846,126.4230966
신우자동차공업사(서대문),37.58225757,126.9265194
삼성카센타,37.49345663,127.0865037
애니카랜드 논현점,37.5089923,127.0371277
명지부분정비공업사,34.8002473,126.420627
한국지엠 고창바로정비서비스,35.4368406,126.6917592
유명카센타,34.7724204,127.6542794
정동자동차공업사,37.48351815,126.9083452
서울자동차공업사(서울),37.48457936,126.9395735
만복자동차공업사,37.49942654,126.8869505
영일모터스,37.4735427,126.8869726
이안자동차공업사,37.58315326,127.0194177
예준탑모터스,37.58262184,127.0322506
하나로자동차공업사,37.6165768,127.028245
스피드메이트 문정점,37.48781606,127.1251314
현대1급 카공업사,37.45742186,126.6716328
카스토리,37.7477379,127.0506455
카맨샵 내친구 카샵,37.61171692,126.9116719
애니카랜드 연성점,37.3810595,126.7993215
북부자동차정비공업사,35.58045317,129.3201274
천사카랜드 정비공업사,36.964651,127.9387829
현대카 서비스,37.5445422,127.0848009
W모터스(부산),35.22056795,129.088838
착한정비센터 배방점,36.7719028,127.0577103
보쉬카서비스바른차,37.01220872,126.9178062
청구모터스,35.86342099,128.6444982
SG모터스,37.5775759,126.9091736
삼송카센터,37.6479086,126.8840433
청수카공업사,37.52757005,126.7359913
왕성 카서비스,37.3638796,126.9427211
오토챔프,37.31210806,126.8406053
플러스카서비스,37.34445144,127.111802
동방카월드,37.5420663,127.1230892
수 모터스,37.6190841,127.0733579
스피드메이트 동김해점,35.22770487,128.8929745
트윈(TWIN)모터스,37.7374667,127.0698857
애니카랜드 효성점,37.533646,126.7081738
타이어프로 백운점,35.13905714,126.9015028
1급태재자동차공업사,37.3498487,127.1688926
부일카모터스(한국타이어대리점),37.6157767,127.1625205
한성카센타,37.2833226,127.4383453
카젠 대월점,37.23768484,127.4958753
탑기어모터스,36.8202369,127.1362648
네바퀴카센타,35.84287537,127.1440687
만도카서비스,35.8706198,129.2167541
스피드메이트 안동송현점,36.5723773,128.6997025
스피드메이트 안동용상점,36.5527006,128.7542766
무성모터스,35.8694223,128.6088799
다원모터스,36.5937036,127.4779212
백마공업사,36.90787055,126.4401578
유노스모터샵,37.8758693,127.7192497
타이어프로 영종점,37.4939481,126.5450941
카앤자동차공업사,37.48677343,126.5371087
중구카서비스,36.3067401,127.3938301
한국타이어티스테이션진종합정비,36.8205383,128.6227528
에이원자동차정비,35.8951238,128.594815
마이카전문정비,37.8762935,127.7133393
보쉬카서비스덕정점,37.84356026,127.0542862
스피트메이트 함양점,35.5214813,127.7236824
보쉬대훈카써비스,37.2750815,127.0060578
프로미월드제주이도점,33.4879385,126.5395378
오토오아시스 롯데마트 거제점,34.8885634,128.6907994
대왕카서비스,35.1858337,129.0874135
스테이 자동차정비,35.62820411,129.3449011
보쉬카서비스부창자동차정비,35.1494739,129.1133267
애니카랜드 학동점,35.132187,126.9331506
일진자동차정비공업사(넥센타이어 단구점),37.32214365,127.9433161
프로미카월드 대구평리점,35.8696502,128.5526203
한성자동차공업사,37.4015403,127.2704016
TUNIST(튜니스트),37.27998928,126.8474488
골드정비,35.86361255,129.224895
금호타이어 봉동대리점,35.937478,127.164351
KB매직카 천안원성점,36.79991232,127.158893
좋은차정비센타,37.55763223,126.6728463
하나로카센터,37.33838684,127.1070611
중앙24시정비,36.0235282,129.3543386
토탈카서비스,37.7613444,126.7959293
미소자동차서비스,37.38204058,126.937506
창성모터스,37.68093007,126.8028152
SH모터스,35.5014214,129.4242354
청운카센타,36.31014306,127.440422
경인자동차,37.5339209,126.8324474
미소카서비스,35.8510973,127.1146343
하이테크모터서비스,37.4509135,126.7180336
24시자동차서비스,35.4662396,129.3332763
카닥테크센터 아이모터스점,37.32713635,127.1076923
공임나라 대전 송강점,36.4456829,127.3832015
진모터스(동두천),37.8822007,127.0558335
스피드메이트 구미이마트,36.1094822,128.3649038
주식회사 드래곤타이어둔산오정점,36.3476379,127.4170463
대영자동차서비스,37.56006275,126.9678329
정일카센타,35.9156984,128.5501894
호성 자동차1급정비,35.2104628,128.8045417
카오라모터스,37.47995918,126.7988968
H nine 모터스,37.41500209,126.6824741
대전모터스,36.32992166,127.3780682
동경정비공업사,35.21422932,128.6862691
JC모터스,37.478681,126.8097328
자동차의 달인,37.25826,126.9959801
GT모터스,37.6470771,126.6246296
로렌오토모빌,37.3635028,126.7292178
어울림자동차정비,35.1239016,126.866294
HS모터스,37.1625427,127.0320674
성용모터스,35.1903605,129.0904689
타이어마트,35.292993,128.7838776
안양 그린자동차 공업사,37.3828723,126.948346
한스모터스,37.4513762,126.7275389
타이어테크 클린번점,37.5018336,126.9491799
에이치모터스,35.19633456,129.0993716
에이스자동차정비,36.1325037,128.3340888
미래카센터,37.57373212,126.8374144
해커모터스,37.606342,127.0407335
(주)네바퀴자동차,37.50459891,126.6490615
오일스팟카센타&타이어프로,36.34616683,127.4332317
봉선모터스,35.18552657,126.786907
그린카타운,35.2550945,128.6365111
애니카랜드 화명점,35.2321353,129.0079009
형주카센타,37.4652047,126.6507726
창성 모터스,37.39367116,127.2245996
하이카프라자육암모터스,37.21118291,127.0652521
쌍용카센타,37.4489656,126.6687336
유진카서비스,37.4409363,127.1601228
한일마스타공업사,37.6610881,127.0410301
이재만자동차공업사,37.55318897,126.9078209
한국타이어 경기대리점,37.6044637,127.1339207
청춘모터스,35.16223143,126.9034474
탑모터스대화점,37.6727512,126.7515156
바른카 바른정비,37.0646739,127.0585753
카서비스투,37.4439101,127.1534832
금호타이어프로수송점,35.9526799,126.715304
정보종합카센터,35.11412926,128.9607698
형제카센타,37.36758199,127.1420249
에이티랩오토,37.22295052,127.0905894
오토오아시스 여월신도시점,37.512439,126.8111411
유정모터스,37.48644231,126.9385694
919모터스,37.4614968,130.8746612
성강카서비스,37.38460266,126.7041547
보쉬카서비스 구미점 카마이웨이,36.13384523,128.4259921
타이어프로 활천점,35.2350253,128.8911515
퍼펙트스토리,36.9038224,126.6737984
1급카포스정비,35.0913332,128.9708242
아톰카,37.54434302,127.1735649
더조은정비,35.16544363,126.9154214
은하모터스,36.63274922,127.4417171
탑중앙자동차정비공업사,35.2074249,128.7080352
한국타이어T스테이션 서동점,35.5784649,129.3423847
이도모터스,37.38190972,126.9620547
베스트카 정비센터,37.5272395,126.7474909
광진MJ모터스,37.5466857,127.0873801
티스테이션 부산영주점,35.11271726,129.033731
오토아지트(AUTOAGIT),37.25536825,127.0607021
서울오토프라자,38.1012425,127.0757197
아모르모터스,35.8417752,128.4885764
상주타이어,36.4087333,128.1503578
애니카랜드역삼점,37.5067892,127.0366999
영훈카서비스,37.59341992,127.0907701
금호타이어원시점,37.3041361,126.8613391
타이어알지오,35.1769442,126.8585275
타이어티즈,36.3643607,127.4222738
오토오아시스 안녕점,37.20512506,126.9882694
타이어프로 이동점,36.02553986,129.3362112
오토오아시스 화남점,35.8433523,128.6919877
제이디(JD)모터스,35.33931184,129.0393897
닥터카서비스,37.57157392,127.0829111
카스토리정비,37.30766117,126.844037
봉명모터스,36.81429937,127.1309329
에반스 레이싱,37.5999197,126.8742994
최프로샵,36.33870878,127.3472726
하진자동차공업사,37.57309202,127.0660281
애니카랜드 우산점,35.1567384,126.8081359
만도카모터스,37.50301738,127.0872547
성민자동차공업사,37.5245526,126.8923311
터보모터스,37.5966326,126.6320827
스피드메이트 신창점,35.185436,126.8343437
에이펙스 모터스,35.2393274,128.860283
진모터스,37.33802205,127.0798733
티스테이션 천안백석점,36.8382755,127.1173438
카프렌즈,35.2704884,128.5266163
제이엔모터스,35.17425729,129.0698708
제이제이모터스,37.4467652,126.7907907
이제이모터스,35.80112578,127.1281428
메카닉S,37.26302528,127.1388054
카닥엔진오일TEST,37.5181499,130.798102
오로라카센타,37.23741971,127.1845349
애니카랜드 재송점,35.1876976,129.1261457
픽 모터스,37.2065851,126.9833698
TMJ모터스,37.7205343,126.8486691
비히클웍스,37.18564305,127.0331179
애니카랜드 진월점,35.1189805,126.8980524
타이어크루,37.2202745,126.9770564
주식회사 씨티엘,35.1836682,128.1433914
스피드메이트 옥정점,37.8512813,127.0789968
아우토웍스,37.705574,126.7320696
더타이어샵 삼송점,37.65275505,126.8918048
케이게러지,37.3131131,126.8221419
삼성모터스,37.4091599,127.0970674
세광자동차정비,37.4923824,126.76837
케이모터스,37.67437539,126.7991453
더타이어샵남구점,35.5328058,129.3309827
메가스패너,35.1733376,129.0602299
태백카센타,37.1587174,128.989432
선우자동차공업사,37.3559961,127.9499859
차사랑카센터,37.4995156,126.5540543
마스타성남정자1호점,37.3615398,127.1105253
에스엠모터스,37.2190058,127.0539834
든든타이어,36.3263368,127.3701904
서울자동차공업사,35.1048496,129.024302
공임천국 의정부점,37.750091,127.0541907
자동차의모든것 car&man울산매곡점,35.6356774,129.3595724
르노코리아경주점,35.8665288,129.2234938
피닉스오토솔루션,35.1691092,128.1101404
엔진핏(ENGINE FIT),37.3295636,126.8183778
주식회사 에이오토플러스,37.2342623,126.9692825
진모터스,35.8419227,128.5682253
삼성카크리닉,37.4776595,126.9869391
아우토반 모토웍스,37.5084715,127.1520697
지오 모터스,37.3894064,127.0918659
어바웃모터스,37.7452425,127.0898807
추부1급자동차공업사,36.1880895,127.4551234
오앤오 모터스,37.172356,127.120938
에이비타이어모터스,35.5397488,129.3199268
에이비타이어모터스 울산 중구점,35.5705556,129.3492837
EL MOTORS,35.1830742,129.1266249
뉴삼성카서비스,37.5424298,127.2195149
타이어프로 서김해IC점,35.2240846,128.8492332
스피드메이트 하계점,37.6419593,127.0703542
한스모터스,37.8035998,127.1030582
르노코리아갈현점,37.6281473,126.9192133
도당현대모터스,37.5216002,126.7953124
한국지엠성서바로서비스,35.8353159,128.4861089
르노코리아 서비스코너 답십리점,37.5733613,127.0663381
티스테이션 전주역점,35.8460883,127.1520252
KC모터스,37.7356898,127.2144643
아트모빌,37.7734693,126.7526452
카젠 금곡점,37.2722981,126.9429934
삼성모터스케어,35.8545899,128.5377187
서부카센타,37.0651945,127.05445
차사랑,37.8376609,127.0550179
티스테이션천안원성점,36.7988714,127.1565244
와이모터스,35.2698358,129.092961
(주)엔카모터스,37.2294342,127.0472473
구트개러지,35.2568016,129.0943049
발통천국 본점,35.8371453,128.536376
젠틀모터스,37.7277935,126.705175
코리아모터스,37.7720094,126.7330598
보쉬카서비스 운정점,37.7191405,126.7388018
365타이어카센터,37.6442559,127.1331084
