업체코드,업체명,위도,경도,월평균 예약 수,재구매율,익일배송여부,활성 여부
"1,180",카닥테크센터 아이모터스점,37.32713635,127.1076923,39,39%,Y,Y
549,서울자동차공업사(서울),37.48457936,126.9395735,39,28%,Y,Y
168,무주지포트 용인기흥점,37.31969833,127.1044793,27,52%,Y,Y
44,피트크루,37.2644923,127.0216164,24,40%,Y,Y
251,(주)가나안모터스,37.50510088,126.859948,32.5,37%,Y,Y
658,현대카 서비스,37.5445422,127.0848009,26.5,25%,Y,Y
"1,798",오토아지트(AUTOAGIT),37.25536825,127.0607021,20.5,32%,Y,Y
818,탑기어모터스,36.8202369,127.1362648,15,47%,N,Y
"1,608",탑모터스대화점,37.6727512,126.7515156,10,40%,N,Y
"1,527",창성 모터스,37.39367116,127.2245996,10.5,67%,N,Y
474,오토오아시스 방이점,37.51350546,127.1172085,16.5,36%,Y,Y
429,신우자동차공업사(서대문),37.58225757,126.9265194,17.5,40%,Y,Y
15,아짚모터스(AZIP MOTORS),37.56345324,126.9130779,11,32%,Y,Y
9,상익카,37.3959131,126.9707023,3,67%,N,Y
397,승진자동차,37.5570451,126.8642592,21.5,21%,Y,Y
601,현대1급 카공업사,37.45742186,126.6716328,17.5,23%,Y,Y
226,제이 모터스,37.55595283,127.2018446,21.5,23%,Y,Y
"1,788",이도모터스,37.38190972,126.9620547,18.5,27%,Y,Y
"1,652",형제카센타,37.36758199,127.1420249,17.5,31%,Y,Y
674,청구모터스,35.86342099,128.6444982,14,25%,N,Y
"1,815",애니카랜드역삼점,37.5067892,127.0366999,20.5,17%,Y,Y
51,매봉오토빌리지,37.48832675,127.0411311,10.5,24%,Y,Y
263,닥터카센터,37.40516166,127.1221988,16.5,18%,Y,Y
"1,714",성강카서비스,37.38460266,126.7041547,23.5,32%,Y,Y
112,DS모터스,37.66754995,126.8016552,17,18%,Y,Y
"1,092",좋은차정비센타,37.55763223,126.6728463,17,27%,Y,Y
242,현정카 프로정비,37.50047051,126.7362605,16,31%,Y,Y
567,하나로자동차공업사,37.6165768,127.028245,15,20%,Y,Y
110,현대그린카,37.30313031,126.974901,12.5,24%,Y,Y
"1,780",은하모터스,36.63274922,127.4417171,15,30%,N,Y
227,현대카마스타,37.3581584,126.7542335,8.5,29%,Y,Y
"1,587",한일마스타공업사,37.6610881,127.0410301,13.5,26%,Y,Y
"1,400",HS모터스,37.1625427,127.0320674,6.5,31%,N,Y
561,예준탑모터스,37.58262184,127.0322506,19,21%,Y,Y
641,카맨샵 내친구 카샵,37.61171692,126.9116719,13,39%,Y,Y
"1,460",미래카센터,37.57373212,126.8374144,10.5,33%,Y,Y
"1,591",이재만자동차공업사,37.55318897,126.9078209,6.5,69%,N,Y
298,더 세븐모터스,37.65276386,127.1140473,20,25%,Y,Y
"1,339",대영자동차서비스,37.56006275,126.9678329,12.5,12%,Y,Y
"1,927",만도카모터스,37.50301738,127.0872547,11,18%,Y,Y
"1,158",창성모터스,37.68093007,126.8028152,17,24%,Y,Y
"1,194",하이테크모터서비스,37.4509135,126.7180336,18,17%,Y,Y
"1,533",하이카프라자육암모터스,37.21118291,127.0652521,19,34%,Y,Y
370,동서모터스,35.16280365,129.0468136,7.5,20%,N,Y
"1,393",로렌오토모빌,37.3635028,126.7292178,15.5,10%,Y,Y
95,와보라모터스,36.3392696,127.3438061,9.5,26%,N,Y
548,영일모터스,37.4735427,126.8869726,14,25%,Y,Y
453,스피드메이트 문정점,37.48781606,127.1251314,16,38%,Y,Y
719,오토챔프,37.31210806,126.8406053,9.5,16%,Y,Y
"1,753",아톰카,37.54434302,127.1735649,7,29%,Y,Y
"2,038",메카닉S,37.26302528,127.1388054,18,25%,Y,Y
371,OZCAR(오즈카),37.21068062,127.0674237,7.5,33%,Y,Y
522,애니카랜드 논현점,37.5089923,127.0371277,2.5,20%,Y,Y
659,착한정비센터 배방점,36.7719028,127.0577103,10,30%,N,Y
"1,461",해커모터스,37.606342,127.0407335,12.5,24%,Y,Y
"2,287",에스엠모터스,37.2190058,127.0539834,17.5,20%,Y,Y
188,차병원motors,37.48062523,126.6822139,14.5,35%,Y,Y
750,수 모터스,37.6190841,127.0733579,11,27%,Y,Y
376,FM카서비스,37.4985476,126.8957588,9,22%,Y,Y
"1,935",성민자동차공업사,37.5245526,126.8923311,11,32%,Y,Y
413,카포스 월드자동차공업사,37.5209886,126.8622674,10.5,29%,Y,Y
862,다원모터스,36.5937036,127.4779212,10,45%,N,Y
55,원미카클리닉,37.49695195,126.791705,9.5,32%,Y,Y
225,JS모터스(송파),37.4987855,127.1409339,3,33%,N,Y
479,석촌카센타,37.5028989,127.0985641,15.5,29%,Y,Y
117,차우모터스,37.00152239,127.134785,13.5,26%,N,Y
390,HK자동차,37.53231437,127.1235345,2.5,80%,N,Y
824,네바퀴카센타,35.84287537,127.1440687,8.5,24%,N,Y
"1,363",대전모터스,36.32992166,127.3780682,9.5,37%,N,Y
"1,890",최프로샵,36.33870878,127.3472726,8.5,24%,N,Y
"1,628",바른카 바른정비,37.0646739,127.0585753,14,39%,N,Y
"1,779",케이모터스,37.67437539,126.7991453,14,29%,Y,Y
250,신성모터스,37.73905725,127.0942523,8,13%,Y,Y
660,W모터스(부산),35.22056795,129.088838,5.5,27%,N,Y
710,왕성 카서비스,37.3638796,126.9427211,12,25%,Y,Y
"1,362",H nine 모터스,37.41500209,126.6824741,4,38%,N,Y
"1,599",청춘모터스,35.16223143,126.9034474,6.5,31%,N,Y
487,뉴비츠로모터스,37.45731784,127.0321682,6,8%,Y,Y
"1,479",(주)네바퀴자동차,37.50459891,126.6490615,2.5,40%,N,Y
"1,949",터보모터스,37.5966326,126.6320827,11,27%,Y,Y
49,삼성모터스,37.4091599,127.0970674,10,45%,Y,Y
"1,360",카오라모터스,37.47995918,126.7988968,5.5,18%,Y,Y
544,유명카센타,34.7724204,127.6542794,8.5,53%,N,Y
"2,040",오로라카센타,37.23741971,127.1845349,4.5,56%,N,Y
54,카젠 개봉광명점,37.4929981,126.8678819,7,14%,Y,Y
78,프라임모터스,36.90327868,126.7023305,5.5,27%,N,Y
494,안모터스,35.5427015,129.3138077,5.5,36%,N,Y
748,스피드메이트 동김해점,35.22770487,128.8929745,2.5,40%,N,Y
"1,141",토탈카서비스,37.7613444,126.7959293,8,6%,Y,Y
939,마이카전문정비,37.8762935,127.7133393,3.5,57%,N,Y
"1,373",동경정비공업사,35.21422932,128.6862691,5.5,36%,N,Y
"1,816",영훈카서비스,37.59341992,127.0907701,5.5,46%,N,Y
198,현대 카클리닉 정비센터,35.80878371,128.5098617,4,50%,N,Y
215,타이어신,35.20650647,126.8791548,5.5,27%,N,Y
382,예스카,35.86390489,127.1181406,4,50%,N,Y
"1,852",제이디(JD)모터스,35.33931184,129.0393897,5.5,91%,N,Y
389,베스트카 서비스(의왕),37.34546983,126.9761428,8.5,35%,Y,Y
703,청수카공업사,37.52757005,126.7359913,7.5,20%,Y,Y
348,바른자동차정비,37.49163549,129.1212296,6,25%,N,Y
"1,677",에이티랩오토,37.22295052,127.0905894,4,63%,N,Y
"1,395",어울림자동차정비,35.1239016,126.866294,5.5,27%,N,Y
259,무지개카공업사,37.4986095,126.9164468,8,25%,Y,Y
73,화이트모터스,34.95117396,127.489377,7.5,33%,N,Y
398,남수원종합카,37.26087622,127.019516,9,39%,Y,Y
746,동방카월드,37.5420663,127.1230892,10.5,43%,Y,Y
799,카젠 대월점,37.23768484,127.4958753,3.5,43%,N,Y
"1,232",공임나라 대전 송강점,36.4456829,127.3832015,7.5,33%,N,Y
672,보쉬카서비스바른차,37.01220872,126.9178062,5,70%,N,Y
962,보쉬대훈카써비스,37.2750815,127.0060578,5.5,36%,Y,Y
"2,983",오앤오 모터스,37.172356,127.120938,7.5,27%,N,Y
512,천사카랜드 정비공업사,36.964651,127.9387829,4.5,22%,N,Y
"1,474",오일스팟카센타&타이어프로,36.34616683,127.4332317,6.5,23%,N,Y
"2,012",티스테이션 천안백석점,36.8382755,127.1173438,8,6%,N,Y
378,피버,35.13155379,128.9436496,3,17%,N,Y
503,예스모터스,37.50997358,127.0182903,5,20%,Y,Y
740,플러스카서비스,37.34445144,127.111802,4.5,22%,Y,Y
"1,489",그린카타운,35.2550945,128.6365111,4.5,0%,N,Y
"1,908",하진자동차공업사,37.57309202,127.0660281,7.5,33%,Y,Y
"2,619",엔진핏(ENGINE FIT),37.3295636,126.8183778,10.5,33%,Y,Y
79,토마토 모터스,37.7742779,128.8912564,4,38%,N,Y
125,애니카랜드 성서공단점,35.84961218,128.4852189,3,33%,N,Y
"1,456",에이스자동차정비,36.1325037,128.3340888,3,0%,N,Y
"1,062",KB매직카 천안원성점,36.79991232,127.158893,5,30%,N,Y
"1,438",타이어테크 클린번점,37.5018336,126.9491799,5,0%,Y,Y
"1,643",정보종합카센터,35.11412926,128.9607698,4.5,33%,N,Y
"1,861",카스토리정비,37.30766117,126.844037,3,33%,Y,Y
77,타이어프로 녹산점,35.1122197,128.8833133,5.5,18%,N,Y
643,애니카랜드 연성점,37.3810595,126.7993215,4.5,22%,Y,Y
"1,035",일진자동차정비공업사(넥센타이어 단구점),37.32214365,127.9433161,5,40%,N,Y
"1,848",타이어프로 이동점,36.02553986,129.3362112,6,17%,N,Y
202,보정현대공업사,37.32103483,127.1111029,8.5,35%,Y,Y
230,차사랑,35.20819567,129.0087267,5.5,46%,N,Y
"1,016",보쉬카서비스부창자동차정비,35.1494739,129.1133267,6.5,15%,N,Y
"1,182",미소카서비스,35.8510973,127.1146343,5.5,27%,N,Y
"1,598",한국타이어 경기대리점,37.6044637,127.1339207,4,75%,N,Y
"1,872",봉명모터스,36.81429937,127.1309329,6,17%,N,Y
559,이안자동차공업사,37.58315326,127.0194177,2.5,40%,N,Y
"2,221",차사랑카센터,37.4995156,126.5540543,5.5,9%,N,Y
262,차앤차샵,35.14922882,128.697817,4,50%,N,Y
989,오토오아시스 롯데마트 거제점,34.8885634,128.6907994,4.5,22%,N,Y
41,유정모터스,37.48644231,126.9385694,1.5,33%,Y,Y
"1,748",퍼펙트스토리,36.9038224,126.6737984,7,43%,N,Y
"1,847",오토오아시스 안녕점,37.20512506,126.9882694,1.5,100%,N,Y
"1,879",에반스 레이싱,37.5999197,126.8742994,7.5,27%,Y,Y
394,성림 휠얼라이먼트,35.87729126,128.6790148,3.5,29%,N,Y
"1,117",중앙24시정비,36.0235282,129.3543386,3.5,43%,N,Y
"1,345",정일카센타,35.9156984,128.5501894,3.5,14%,N,Y
"1,679",오토오아시스 여월신도시점,37.512439,126.8111411,5.5,9%,Y,Y
"1,789",광진MJ모터스,37.5466857,127.0873801,4.5,44%,Y,Y
"1,708",제이엔모터스,35.17425729,129.0698708,4,38%,N,Y
"2,101",더타이어샵 삼송점,37.65275505,126.8918048,3,17%,N,Y
944,보쉬카서비스덕정점,37.84356026,127.0542862,0.5,0%,N,Y
"1,025",스테이 자동차정비,35.62820411,129.3449011,3,33%,N,Y
"1,486",봉선모터스,35.18552657,126.786907,1,0%,N,Y
"1,793",티스테이션 부산영주점,35.11271726,129.033731,2.5,20%,N,Y
"1,858",닥터카서비스,37.57157392,127.0829111,1,50%,N,Y
"2,030",이제이모터스,35.80112578,127.1281428,1,0%,N,Y
169,유럽모터스,35.1512217,126.8369522,5,30%,N,Y
550,정동자동차공업사,37.48351815,126.9083452,2,25%,N,Y
"1,375",JC모터스,37.478681,126.8097328,5,40%,Y,Y
"1,925",애니카랜드 우산점,35.1567384,126.8081359,4,50%,N,Y
"1,952",스피드메이트 신창점,35.185436,126.8343437,4.5,33%,N,Y
107,송라현대공업사,37.6616519,127.3020004,3.5,57%,N,Y
417,성신자동차공업사,37.55780907,126.8111773,6,8%,Y,Y
535,명지부분정비공업사,34.8002473,126.420627,3,50%,N,Y
"1,011",애니카랜드 학동점,35.132187,126.9331506,4.5,22%,N,Y
"1,530",형주카센타,37.4652047,126.6507726,6.5,15%,Y,Y
612,카스토리,37.7477379,127.0506455,2,75%,N,Y
915,백마공업사,36.90787055,126.4401578,6,8%,N,Y
955,카앤자동차공업사,37.48677343,126.5371087,2,25%,N,Y
"1,031",프로미카월드 대구평리점,35.8696502,128.5526203,5,40%,N,Y
"1,163",청운카센타,36.31014306,127.440422,1.5,33%,N,Y
"1,573",유진카서비스,37.4409363,127.1601228,3,0%,Y,Y
151,차사랑 카클리닉,37.7566954,128.9224925,4.5,44%,N,Y
248,경동모터스,35.19209438,129.0885305,1,50%,N,Y
302,보쉬카서비스 수완점,35.19377858,126.8139994,3,33%,N,Y
800,한성카센타,37.2833226,127.4383453,4,38%,N,Y
"1,834",타이어알지오,35.1769442,126.8585275,4,25%,N,Y
"2,121",메가스패너,35.1733376,129.0602299,4.5,22%,N,Y
146,애니카랜드 청림점,35.9944898,129.4031474,3,17%,N,Y
499,스피드메이트 양재점,37.4679807,127.0430861,3.5,29%,Y,Y
706,삼송카센터,37.6479086,126.8840433,0.5,0.00%,N,Y
792,부일카모터스(한국타이어대리점),37.6157767,127.1625205,3,33%,N,Y
"1,159",SH모터스,35.5014214,129.4242354,2.5,60%,N,Y
"2,387",공임천국 의정부점,37.750091,127.0541907,6,25%,Y,Y
690,SG모터스,37.5775759,126.9091736,3,50%,Y,Y
846,무성모터스,35.8694223,128.6088799,3,33%,N,Y
"1,388",자동차의 달인,37.25826,126.9959801,1.5,67%,N,Y
"1,404",성용모터스,35.1903605,129.0904689,4,38%,N,Y
"1,637",카서비스투,37.4439101,127.1534832,5,20%,Y,Y
"2,188",선우자동차공업사,37.3559961,127.9499859,3.5,57%,N,Y
147,애니카랜드 경산점,35.82851464,128.7304989,3,0%,N,Y
305,주식회사 원라인모터스,37.6687429,126.6458304,4.5,11%,N,Y
"2,097",스피드메이트 옥정점,37.8512813,127.0789968,2.5,60%,N,Y
"2,652",주식회사 에이오토플러스,37.2342623,126.9692825,4.5,11%,Y,Y
"2,718",진모터스,35.8419227,128.5682253,4.5,22%,N,Y
517,스피드메이트터미널점,34.8106846,126.4230966,3.5,43%,N,Y
651,북부자동차정비공업사,35.58045317,129.3201274,1.5,33%,N,Y
908,유노스모터샵,37.8758693,127.7192497,2.5,40%,N,Y
"1,326",주식회사 드래곤타이어둔산오정점,36.3476379,127.4170463,2,50%,N,Y
"2,120",더타이어샵남구점,35.5328058,129.3309827,4,38%,N,Y
"2,353",서울자동차공업사,35.1048496,129.024302,2,75%,N,Y
351,지성모터스,35.1837113,128.1111055,1,50.00%,N,Y
444,타이어프로 인동점,36.1098166,128.4178323,3.5,14%,N,Y
"1,027",한성자동차공업사,37.4015403,127.2704016,1,0%,N,Y
"1,046",골드정비,35.86361255,129.224895,1,50%,N,Y
"1,430",안양 그린자동차 공업사,37.3828723,126.948346,0.5,100.00%,N,Y
"1,431",한스모터스,37.4513762,126.7275389,0.5,0%,N,Y
"1,765",더조은정비,35.16544363,126.9154214,1.5,0%,N,Y
"2,100",아우토웍스,37.705574,126.7320696,2.5,60%,N,Y
"2,453",자동차의모든것 car&man울산매곡점,35.6356774,129.3595724,3,17%,N,Y
253,kb매직카(산본카센타),37.3505878,126.9539948,2.5,40%,Y,Y
"1,093",하나로카센터,37.33838684,127.1070611,0.5,100%,N,Y
"1,155",미소자동차서비스,37.38204058,126.937506,3.5,0%,Y,Y
"1,829",금호타이어원시점,37.3041361,126.8613391,0.5,0.00%,N,Y
"1,837",타이어티즈,36.3643607,127.4222738,3,50%,N,Y
"2,011",진모터스,37.33802205,127.0798733,0.5,100%,N,Y
"2,021",제이제이모터스,37.4467652,126.7907907,2,0%,N,Y
"2,320",든든타이어,36.3263368,127.3701904,3.5,43%,N,Y
"3,082",EL MOTORS,35.1830742,129.1266249,4.5,11%,N,Y
276,청춘자동차공업사,37.6981127,127.2034282,1.5,33%,N,Y
554,만복자동차공업사,37.49942654,126.8869505,2,25%,Y,Y
833,스피드메이트 안동용상점,36.5527006,128.7542766,3,33%,N,Y
886,중구카서비스,36.3067401,127.3938301,2.5,40%,N,Y
"1,277",스피드메이트 구미이마트,36.1094822,128.3649038,2.5,20%,N,Y
"1,511",애니카랜드 화명점,35.2321353,129.0079009,3,0%,N,Y
"1,639",금호타이어프로수송점,35.9526799,126.715304,4,25%,N,Y
"1,752",1급카포스정비,35.0913332,128.9708242,1.5,0%,N,Y
"2,851",지오 모터스,37.3894064,127.0918659,2.5,20%,Y,Y
271,서운자동차공업사,36.9423227,127.2592178,2.5,60%,N,Y
764,애니카랜드 효성점,37.533646,126.7081738,2,0%,N,Y
"1,174",경인자동차,37.5339209,126.8324474,1,100%,Y,Y
"1,791",베스트카 정비센터,37.5272395,126.7474909,1,50%,N,Y
"2,080",비히클웍스,37.18564305,127.0331179,0,,N,Y
"2,082",애니카랜드 진월점,35.1189805,126.8980524,2,0%,N,Y
"2,751",삼성카크리닉,37.4776595,126.9869391,3.5,0%,Y,Y
"3,612",티스테이션 전주역점,35.8460883,127.1520252,4.5,44%,N,Y
831,스피드메이트 안동송현점,36.5723773,128.6997025,3,33%,N,Y
"1,256",진모터스(동두천),37.8822007,127.0558335,2,75%,N,Y
"1,551",쌍용카센타,37.4489656,126.6687336,1.5,33%,N,Y
"1,850",오토오아시스 화남점,35.8433523,128.6919877,2,25%,N,Y
"2,553",피닉스오토솔루션,35.1691092,128.1101404,2,25%,N,Y
103,NK모터스,35.1466701,128.7065939,1.5,33%,N,Y
754,트윈(TWIN)모터스,37.7374667,127.0698857,1.5,33%,N,Y
942,에이원자동차정비,35.8951238,128.594815,2.5,20%,N,Y
"1,061",금호타이어 봉동대리점,35.937478,127.164351,2,50%,N,Y
"1,197",24시자동차서비스,35.4662396,129.3332763,0,,N,Y
"1,960",에이펙스 모터스,35.2393274,128.860283,1,0%,N,Y
"2,046",애니카랜드 재송점,35.1876976,129.1261457,1.5,0%,N,Y
"2,254",마스타성남정자1호점,37.3615398,127.1105253,1.5,33%,Y,Y
257,한솔모터스(HS모터스),37.16612585,127.1776039,1,50%,N,Y
490,리페로,36.3399405,127.4485898,1,100%,N,Y
"1,054",TUNIST(튜니스트),37.27998928,126.8474488,2,0%,Y,Y
"1,391",GT모터스,37.6470771,126.6246296,2,0%,N,Y
"1,810",상주타이어,36.4087333,128.1503578,0.5,100.00%,N,Y
"2,068",픽 모터스,37.2065851,126.9833698,2,25%,N,Y
"2,111",케이게러지,37.3131131,126.8221419,0.5,0%,N,Y
"3,778",서부카센타,37.0651945,127.05445,3,17%,N,Y
63,오일팩토리,36.078572,128.3524416,1,50%,N,Y
828,만도카서비스,35.8706198,129.2167541,0,,N,Y
990,프로미월드제주이도점,33.4879385,126.5395378,1.5,0%,N,Y
"1,722",타이어프로 활천점,35.2350253,128.8911515,0.5,0.00%,N,Y
"1,782",탑중앙자동차정비공업사,35.2074249,128.7080352,0.5,0%,N,Y
"1,786",한국타이어T스테이션 서동점,35.5784649,129.3423847,1,0%,N,Y
"2,018",카프렌즈,35.2704884,128.5266163,1.5,0.00%,N,Y
"2,884",어바웃모터스,37.7452425,127.0898807,2,25%,Y,Y
"2,950",추부1급자동차공업사,36.1880895,127.4551234,0.5,0%,N,Y
"3,049",에이비타이어모터스 울산 중구점,35.5705556,129.3492837,2,50%,N,Y
"3,381",타이어프로 서김해IC점,35.2240846,128.8492332,2.5,20%,N,Y
"3,414",스피드메이트 하계점,37.6419593,127.0703542,2,0%,N,Y
"1,352",호성 자동차1급정비,35.2104628,128.8045417,2,0%,N,Y
"1,417",타이어마트,35.292993,128.7838776,1.5,33%,N,Y
"1,443",에이치모터스,35.19633456,129.0993716,0,,N,Y
"1,808",아모르모터스,35.8417752,128.4885764,1.5,0%,N,Y
"2,487",르노코리아경주점,35.8665288,129.2234938,1.5,33%,N,Y
"3,711",카젠 금곡점,37.2722981,126.9429934,2,50%,N,Y
267,타이어타운 담양점,35.3113404,126.9820535,0,,N,Y
306,강화현대공업사,37.7173807,126.4753768,1.5,0%,N,Y
770,타이어프로 백운점,35.13905714,126.9015028,0.5,0.00%,N,Y
"2,818",아우토반 모토웍스,37.5084715,127.1520697,1,50.00%,Y,Y
"3,016",에이비타이어모터스,35.5397488,129.3199268,1,50%,N,Y
"3,745",삼성모터스케어,35.8545899,128.5377187,1.5,0%,N,Y
"3,811",차사랑,37.8376609,127.0550179,1.5,0%,N,Y
"3,844",티스테이션천안원성점,36.7988714,127.1565244,1.5,0%,N,Y
"3,877",와이모터스,35.2698358,129.092961,1,0.00%,N,Y
65,털보카서비스,34.8700288,128.730963,0.5,0%,N,Y
528,한국지엠 고창바로정비서비스,35.4368406,126.6917592,0.5,0%,N,Y
782,1급태재자동차공업사,37.3498487,127.1688926,0,,N,Y
967,스피트메이트 함양점,35.5214813,127.7236824,0,,N,Y
978,대왕카서비스,35.1858337,129.0874135,0.5,0%,N,Y
"1,806",서울오토프라자,38.1012425,127.0757197,0.5,0%,N,Y
"2,079",TMJ모터스,37.7205343,126.8486691,0.5,100%,N,Y
"2,090",타이어크루,37.2202745,126.9770564,0,,N,Y
"2,117",세광자동차정비,37.4923824,126.76837,0,,N,Y
"2,155",태백카센타,37.1587174,128.989432,0.5,0%,N,Y
"3,447",한스모터스,37.8035998,127.1030582,1,0%,N,Y
"3,645",KC모터스,37.7356898,127.2144643,1,50%,N,Y
927,한국타이어티스테이션진종합정비,36.8205383,128.6227528,0.5,0%,N,Y
"1,711",919모터스,37.4614968,130.8746612,0,,N,Y
"1,716",보쉬카서비스 구미점 카마이웨이,36.13384523,128.4259921,0,,N,Y
"3,480",르노코리아갈현점,37.6281473,126.9192133,0.5,100.00%,N,Y
"3,513",도당현대모터스,37.5216002,126.7953124,0.5,0%,Y,Y
"2,041",카닥엔진오일TEST,37.5181499,130.798102,0,,N,Y
"2,091",주식회사 씨티엘,35.1836682,128.1433914,0,,N,Y
"3,348",뉴삼성카서비스,37.5424298,127.2195149,0,,N,Y
"3,546",한국지엠성서바로서비스,35.8353159,128.4861089,0,,N,Y
"3,579",르노코리아 서비스코너 답십리점,37.5733613,127.0663381,0,,N,Y
"3,678",아트모빌,37.7734693,126.7526452,0,,N,Y
"3,910",(주)엔카모터스,37.2294342,127.0472473,0,,N,Y
"3,943",구트개러지,35.2568016,129.0943049,0,,N,Y
"3,976",발통천국 본점,35.8371453,128.536376,0,,N,Y
"4,009",공임천국 이천부발점,37.2789913,127.4861399,0,,N,Y
"4,042",젠틀모터스,37.7277935,126.705175,0,,N,Y
