행정동코드,인구수
11010530,8411
11010540,2060
11010550,9057
11010560,16392
11010570,7446
11010580,9194
11010600,3659
11010610,6892
11010630,5820
11010640,7892
11010670,5356
11010680,8687
11010690,6230
11010700,5903
11010710,10564
11010720,10521
11010730,20402
11020520,2521
11020540,4233
11020550,2500
11020570,5761
11020580,6218
11020590,6934
11020600,3365
11020650,10193
11020670,13827
11020680,11771
11020690,9168
11020700,13042
11020710,15322
11020720,12416
11020730,9628
11030510,15617
11030520,9524
11030530,6628
11030570,12991
11030580,10144
11030590,10803
11030630,23165
11030640,7268
11030650,7142
11030660,9065
11030690,11813
11030700,8168
11030710,19454
11030720,16667
11030730,20810
11030740,14142
11040520,15908
11040540,21413
11040550,15889
11040560,13546
11040570,21678
11040580,14124
11040590,14010
11040620,13540
11040650,14879
11040660,11689
11040670,14428
11040680,9822
11040690,9836
11040700,13186
11040710,25872
11040720,20849
11040730,24019
11050530,30729
11050540,22599
11050550,15233
11050560,19891
11050570,15239
11050580,26662
11050590,11157
11050600,23261
11050610,25148
11050620,26596
11050630,32953
11050640,22258
11050650,23116
11050660,25997
11050670,24291
11060710,15301
11060720,15975
11060730,24906
11060800,18449
11060810,39593
11060820,24670
11060830,33395
11060840,18348
11060860,26616
11060870,36673
11060880,32421
11060890,22471
11060900,19471
11060910,27500
11070520,23014
11070540,17740
11070550,14121
11070570,20716
11070590,22292
11070600,20800
11070610,18033
11070620,23604
11070640,32385
11070650,17857
11070680,15558
11070690,36290
11070700,18831
11070710,32567
11070720,23798
11070730,37460
11080580,13613
11080590,22229
11080600,20084
11080610,16394
11080620,17563
11080630,21793
11080640,17527
11080650,23845
11080660,34165
11080680,21093
11080710,24650
11080720,19388
11080760,22559
11080770,12859
11080780,14941
11080810,15490
11080820,22259
11080830,16076
11080840,39031
11080850,33651
11090600,16738
11090610,14236
11090620,15603
11090630,19469
11090640,19588
11090650,23123
11090690,22914
11090700,20856
11090710,27809
11090720,23664
11090730,29193
11090740,19342
11090750,27935
11100510,21320
11100520,17334
11100530,15975
11100540,17293
11100550,26645
11100560,17676
11100570,25060
11100590,22874
11100600,27370
11100610,12671
11100620,25336
11100630,22946
11100640,19190
11100650,25307
11110510,21927
11110520,24780
11110530,27457
11110560,43502
11110580,26463
11110590,20194
11110600,21782
11110610,25356
11110640,18529
11110650,35496
11110660,18745
11110690,22176
11110720,21003
11110730,18676
11110740,17260
11110760,26330
11110770,30071
11110780,30916
11110790,35783
11120510,34843
11120520,35839
11120550,13887
11120560,26433
11120570,30351
11120580,26741
11120590,31628
11120600,26291
11120650,25320
11120660,18150
11120670,15823
11120680,20561
11120710,51809
11120720,25652
11120730,22827
11120740,41987
11130520,16479
11130620,23819
11130640,17311
11130650,12274
11130660,21115
11130680,28218
11130690,16217
11130700,30554
11130710,16913
11130720,29681
11130730,19538
11130740,15224
11130750,33046
11130760,35956
11140590,20445
11140600,16282
11140610,16575
11140630,21980
11140660,25219
11140680,15625
11140690,18398
11140700,17227
11140710,14451
11140720,18410
11140730,37450
11140740,28979
11140750,19662
11140760,25265
11140770,34948
11140780,28011
11150510,28723
11150520,27383
11150530,20234
11150540,23354
11150570,18712
11150580,20052
11150590,13904
11150600,16619
11150610,13447
11150620,13304
11150630,17923
11150640,18732
11150650,17903
11150660,47603
11150690,22662
11150700,27037
11150710,38481
11150720,31324
11160510,39882
11160520,24398
11160530,18447
11160540,28207
11160550,31710
11160570,16621
11160580,20111
11160590,19023
11160610,25130
11160630,22536
11160650,12976
11160660,13443
11160670,34297
11160690,29283
11160700,40389
11160710,22267
11160730,49602
11160740,41951
11160751,32744
11160761,20957
11170510,34880
11170520,19966
11170540,25336
11170550,24859
11170560,32825
11170610,26636
11170620,25594
11170640,28853
11170650,19452
11170670,23124
11170690,22299
11170700,15452
11170710,33739
11170720,33620
11170730,35926
11170740,16271
11180510,28504
11180520,48929
11180530,19450
11180540,28653
11180550,16824
11180570,33944
11180580,19702
11180590,10115
11180600,19409
11180610,18132
11190540,31351
11190550,20797
11190560,35761
11190610,17872
11190620,22418
11190630,21045
11190650,17174
11190660,12706
11190670,11163
11190680,17901
11190690,19540
11190700,17637
11190710,22492
11190720,27125
11190730,23031
11190740,30996
11190750,20595
11190760,31195
11200520,8958
11200530,45862
11200540,26696
11200550,23625
11200560,28495
11200630,22325
11200650,22732
11200660,13445
11200670,13606
11200680,35205
11200690,25799
11200700,21602
11200710,33271
11200720,32584
11200730,26967
11210520,23374
11210540,14083
11210570,28795
11210580,22717
11210610,15291
11210620,24760
11210630,17100
11210640,23469
11210650,18322
11210660,24000
11210680,25434
11210690,23665
11210710,14164
11210720,21371
11210730,26360
11210780,31527
11210790,27135
11210800,36545
11210810,24814
11210820,18822
11210830,28745
11220510,19841
11220520,23515
11220530,30322
11220540,28225
11220550,25069
11220560,139
11220570,32277
11220580,24421
11220590,22279
11220600,17525
11220610,18685
11220620,15453
11220630,16956
11220640,14535
11220650,21468
11220660,39415
11220670,20308
11220680,15821
11230510,14051
11230511,15814
11230520,20292
11230530,19305
11230580,11139
11230590,28635
11230600,22546
11230630,17878
11230640,33819
11230650,34585
11230660,19272
11230670,29662
11230680,24414
11230710,21909
11230720,21296
11230730,13810
11230750,13110
11230760,44779
11230770,23188
11230780,22333
11230790,36013
11230800,40344
11240510,11903
11240520,22505
11240530,11422
11240540,22361
11240550,16402
11240560,16920
11240570,14514
11240580,26167
11240590,17127
11240600,36246
11240610,22372
11240620,17826
11240630,29986
11240640,27934
11240650,24177
11240660,26222
11240670,29592
11240680,18967
11240690,27231
11240710,27096
11240750,19850
11240770,15408
11240780,8541
11240790,33007
11240800,31831
11240810,29156
11240820,43885
11250530,23903
11250540,16081
11250550,23191
11250560,25022
11250580,14249
11250590,16256
11250610,24925
11250630,25906
11250650,18416
11250660,23895
11250670,21408
11250700,19
11250710,23433
11250720,32393
11250730,33509
11250740,46104
11250750,33992
11250760,38018
11250770,13303
21010510,4108
21010520,2651
21010530,5543
21010540,10154
21010560,4258
21010570,866
21010580,1040
21010590,4706
21010600,6273
21020510,5144
21020520,6334
21020530,7019
21020540,14540
21020560,7240
21020570,6835
21020590,8258
21020610,6272
21020630,3596
21020640,9750
21020650,4508
21020680,16335
21020690,7582
21030510,5394
21030520,5366
21030530,12997
21030550,4974
21030560,3788
21030570,8659
21030590,3256
21030600,4520
21030660,6896
21030680,8620
21030700,10934
21030710,10261
21040530,10332
21040540,3571
21040550,6955
21040590,6032
21040630,5134
21040640,15798
21040650,28274
21040660,8379
21040670,8794
21040680,6626
21040690,6930
21050520,11956
21050540,24752
21050550,21058
21050560,18877
21050570,15215
21050610,22545
21050640,22445
21050660,20588
21050680,11696
21050700,9821
21050720,17799
21050740,18121
21050750,9641
21050760,25611
21050770,12009
21050800,20215
21050810,19662
21050820,14193
21050830,20076
21050840,20594
21060510,30190
21060520,7849
21060550,27683
21060560,23266
21060570,34948
21060580,11383
21060590,23743
21060600,16260
21060610,12913
21060620,25330
21060630,12875
21060640,13193
21060650,25456
21070530,42475
21070540,14031
21070550,16342
21070560,15497
21070570,41242
21070580,18701
21070590,10246
21070600,7512
21070610,8279
21070620,7794
21070630,6238
21070660,10304
21070670,8071
21070680,15726
21070690,8444
21070700,17573
21070710,11615
21080510,14860
21080520,22871
21080530,18938
21080540,34240
21080550,38138
21080560,13364
21080570,10805
21080580,9570
21080590,15780
21080600,25767
21080610,17066
21080620,16550
21080630,27415
21090530,26047
21090540,14912
21090560,8886
21090580,10914
21090590,7254
21090620,20304
21090640,35243
21090650,21539
21090660,16453
21090670,29141
21090680,14478
21090690,20996
21090700,34421
21090710,14187
21090720,13369
21090730,22690
21090740,28732
21090750,26408
21100510,17306
21100520,14248
21100530,11390
21100540,14626
21100550,23197
21100560,20978
21100570,26711
21100580,15435
21100590,17183
21100600,12090
21100610,25349
21100620,35764
21100630,24504
21100640,12521
21100650,16775
21100660,4959
21110510,4160
21110520,7944
21110570,7124
21110580,16326
21110590,15186
21110600,11345
21110610,20485
21110640,1843
21110670,8963
21110680,28357
21110690,17697
21110700,29932
21110710,858
21110720,9739
21110730,7089
21110740,28491
21120510,5413
21120520,5970
21120530,6247
21120550,2169
21120561,23149
21120562,16239
21120580,4016
21120590,53600
21120600,28959
21130510,27317
21130520,24184
21130530,8828
21130540,9226
21130550,15330
21130560,21133
21130570,9953
21130580,15665
21130590,16620
21130600,14997
21130620,12832
21130630,31786
21140510,16321
21140520,12751
21140530,13342
21140540,24875
21140550,9550
21140560,24279
21140570,17823
21140580,9306
21140590,12945
21140600,26595
21150510,5410
21150520,25500
21150540,8932
21150550,11976
21150560,12040
21150570,25748
21150600,16214
21150610,24836
21150620,11811
21150630,26489
21150640,23931
21150650,12253
21510110,50330
21510111,28934
21510120,9031
21510130,77890
21510330,7043
22010540,7042
22010560,4702
22010590,7743
22010610,12044
22010620,7136
22010640,4694
22010650,6991
22010660,5932
22010670,15994
22010680,7503
22010690,4591
22010700,9756
22020510,10868
22020520,11489
22020530,11058
22020540,17745
22020550,7386
22020560,11243
22020580,13974
22020590,10061
22020600,11669
22020610,13477
22020620,3499
22020630,19534
22020650,12787
22020660,14203
22020680,16959
22020690,13365
22020710,20193
22020730,37566
22020740,15811
22020760,19977
22020770,26315
22020780,16872
22030510,9675
22030520,8295
22030530,14534
22030540,8261
22030550,7911
22030560,8538
22030570,5200
22030580,6560
22030590,9701
22030600,6572
22030610,7065
22030620,12687
22030630,15584
22030640,9624
22030650,5676
22030660,18170
22030680,10058
22040510,12387
22040530,7811
22040540,12752
22040550,14351
22040560,9821
22040570,12457
22040580,10355
22040590,9809
22040600,5448
22040610,11041
22040640,13751
22040650,8299
22040660,7837
22050510,12304
22050520,21316
22050550,3636
22050560,16849
22050570,18147
22050610,8236
22050620,9996
22050630,14588
22050640,8024
22050650,7799
22050660,29388
22050700,5862
22050710,33162
22050740,23279
22050750,32738
22050760,24303
22050770,14579
22050780,23448
22050790,31386
22050810,11287
22050820,25559
22050830,30149
22050840,16598
22060510,19916
22060520,13808
22060530,16967
22060540,18393
22060550,20238
22060560,10494
22060570,21050
22060580,16331
22060590,10059
22060600,12864
22060610,21069
22060620,11388
22060630,14553
22060640,14071
22060650,14964
22060660,14401
22060670,18977
22060680,18171
22060690,9808
22060700,15220
22060710,30653
22060720,25828
22060730,29462
22070550,8373
22070560,22528
22070570,30009
22070580,14369
22070590,15972
22070600,21028
22070610,39694
22070630,15218
22070650,32690
22070660,17541
22070670,9814
22070680,31720
22070690,16888
22070700,18166
22070710,12340
22070720,28778
22070730,25661
22070740,15235
22070750,21036
22070760,14425
22070770,39298
22070780,49318
22070790,32898
22510110,45365
22510120,19815
22510130,90598
22510140,30731
22510150,22651
22510160,23169
22510310,6930
22510320,3331
22510360,20527
22520111,7606
22520311,2169
22520312,3522
22520313,1987
22520314,1760
22520315,2130
22520316,1101
22520317,1218
23010520,5366
23010530,4817
23010540,14592
23010560,3548
23010570,2916
23010580,5548
23010630,3245
23010640,38404
23010650,21389
23010670,7229
23010681,32784
23010691,25099
23020510,6261
23020520,5326
23020530,6801
23020550,9615
23020570,2832
23020580,6533
23020590,1243
23020600,5535
23020610,6009
23020630,5623
23020640,2166
23040510,18313
23040520,19713
23040530,28282
23040540,20167
23040550,14926
23040560,24140
23040570,25419
23040580,16605
23040590,17084
23040600,19586
23040640,37824
23040650,52366
23040660,35953
23040680,40865
23040690,46148
23050510,30794
23050521,35926
23050530,29141
23050540,13283
23050550,17975
23050561,20224
23050570,26203
23050580,28642
23050590,15258
23050600,22056
23050610,16054
23050620,18253
23050630,14024
23050640,21731
23050670,20432
23050720,31482
23050730,33116
23050740,43040
23050750,18223
23050760,37063
23060510,36731
23060520,16320
23060530,16026
23060540,38434
23060550,37993
23060560,16800
23060570,15166
23060580,28669
23060590,19588
23060600,16140
23060610,12081
23060620,34510
23060630,14754
23060640,17828
23060650,31795
23060660,16172
23060670,19318
23060680,27710
23060690,11753
23060700,25382
23060710,24777
23060720,26938
23070510,25950
23070520,26337
23070530,18070
23070540,14722
23070550,17282
23070560,25395
23070570,23449
23070580,32604
23070610,30940
23070620,22317
23070630,18544
23070640,22990
23080510,54558
23080531,37088
23080541,41399
23080550,16839
23080560,8527
23080580,20369
23080590,12940
23080600,12436
23080620,14299
23080630,17874
23080640,15304
23080650,12325
23080730,29597
23080740,29926
23080780,46731
23080790,35617
23080800,33908
23080810,22957
23080840,26769
23080850,28110
23080860,20968
23080870,24476
23080880,71049
23090520,14038
23090540,14743
23090560,22622
23090570,6920
23090590,44969
23090600,34612
23090610,16965
23090620,21587
23090650,21016
23090660,21822
23090670,12160
23090680,19623
23090690,20509
23090700,21384
23090710,11724
23090720,18682
23090730,13622
23090740,13964
23090750,16151
23090760,23277
23090770,31399
23510110,21087
23510310,8364
23510320,5205
23510330,6924
23510340,4240
23510350,3977
23510360,2759
23510370,3763
23510380,1826
23510390,3169
23510400,2499
23510410,1906
23510420,590
23520310,1836
23520320,2100
23520330,4550
23520340,1440
23520350,1769
23520360,1286
23520370,6211
24010510,5692
24010540,3862
24010560,10162
24010580,13313
24010590,7704
24010610,9490
24010620,4580
24010630,4546
24010640,6626
24010680,7273
24010710,10825
24010720,9088
24010730,18128
24020510,3001
24020530,4086
24020540,11510
24020550,4325
24020560,5608
24020570,10495
24020580,24129
24020590,22179
24020600,15521
24020610,19277
24020620,8795
24020630,19133
24020640,7164
24020660,29105
24020670,33965
24020680,18891
24020690,26503
24020700,14952
24030510,6492
24030520,6538
24030530,8907
24030540,4511
24030570,8165
24030600,7990
24030610,5652
24030620,11320
24030630,6907
24030640,20929
24030650,7281
24030670,22021
24030680,12532
24030690,27065
24030700,7919
24030710,28182
24030720,16296
24040510,4304
24040540,3668
24040550,13781
24040560,12657
24040570,42653
24040580,18527
24040590,11236
24040600,13378
24040610,22464
24040620,15507
24040630,5563
24040640,22624
24040650,15145
24040660,14549
24040670,7187
24040680,14529
24040690,11831
24040700,13201
24040710,12880
24040720,10140
24040730,11377
24040740,2096
24040780,27503
24040800,35464
24040810,24159
24040820,31394
24040831,15271
24050511,10312
24050512,6052
24050513,4029
24050514,35641
24050515,7633
24050516,43304
24050517,73258
24050518,1967
24050519,1802
24050521,34138
24050540,14395
24050580,29852
24050590,12142
24050600,21191
24050630,29991
24050650,1620
24050660,7381
24050670,2437
24050690,27552
24050710,29186
24050740,18564
25010530,24635
25010550,12013
25010560,7807
25010570,25419
25010600,16606
25010630,13005
25010640,19552
25010650,20333
25010680,11931
25010730,2045
25010750,21246
25010760,3485
25010770,14533
25010780,13485
25010790,10645
25010800,13135
25020510,17830
25020530,17504
25020540,13196
25020550,12866
25020560,4186
25020570,13975
25020580,5183
25020590,6006
25020600,9716
25020620,9774
25020630,12271
25020640,23246
25020650,5716
25020660,12644
25020670,20265
25020680,11243
25020690,24876
25030510,22699
25030511,9982
25030512,37473
25030520,20156
25030530,18830
25030540,14902
25030550,12762
25030560,11763
25030570,26252
25030590,15729
25030600,34351
25030610,18634
25030620,10525
25030630,22004
25030640,20960
25030650,23846
25030660,11535
25030670,13120
25030680,19464
25030690,11941
25030710,3389
25030720,16019
25030730,47734
25030740,18156
25040540,54325
25040550,27069
25040570,25272
25040590,20428
25040610,32898
25040630,37061
25040640,27454
25040660,23199
25040670,35388
25040680,25487
25040690,21270
25040700,24386
25040710,29787
25050510,16865
25050520,6297
25050530,12490
25050540,14775
25050550,17977
25050560,11973
25050570,14436
25050580,15469
25050590,15665
25050600,13011
25050610,6362
25050620,25151
26010510,10464
26010520,15662
26010530,8131
26010590,17302
26010600,30481
26010610,20610
26010620,20010
26010630,19138
26010640,10201
26010660,20078
26010670,11000
26010681,20689
26020510,17384
26020520,24067
26020530,15280
26020540,19341
26020550,8167
26020560,25518
26020570,47063
26020580,20210
26020590,34253
26020600,24040
26020610,8994
26020620,32079
26020630,15586
26020640,13194
26030510,41347
26030520,5304
26030530,18518
26030540,10676
26030550,16287
26030580,8086
26030590,27156
26030600,11474
26030610,19420
26040510,35376
26040520,41923
26040530,35446
26040540,15998
26040560,29354
26040570,35579
26040580,11862
26040590,9883
26510110,23903
26510120,31160
26510130,27940
26510140,64802
26510150,20321
26510160,22476
26510310,8343
26510340,8632
26510360,3967
26510370,2980
26510380,8055
26510400,1684
29010110,47195
29010311,2776
29010312,2992
29010330,5810
29010340,8180
29010350,8865
29010360,7097
29010370,5815
29010380,3572
29010390,2334
29010512,18509
29010513,28000
29010514,23510
29010515,10649
29010521,25231
29010522,12567
29010560,26530
29010590,22297
29010600,34386
29010610,16988
29010640,10785
29010660,18100
29010680,27164
29010710,20804
31011540,24817
31011550,44174
31011560,32658
31011570,38494
31011580,20532
31011590,18646
31011600,27576
31011610,18465
31011620,38547
31011630,16903
31012520,11383
31012530,26053
31012540,19224
31012550,41174
31012560,38028
31012570,23047
31012600,24573
31012610,34808
31012620,19349
31012640,44992
31012650,44247
31012660,43722
31013530,10899
31013540,18624
31013550,16605
31013560,45689
31013670,22467
31013680,13786
31013690,23527
31013700,23248
31013710,23797
31013720,10175
31014510,13052
31014520,14032
31014530,34671
31014540,19546
31014600,49560
31014620,53508
31014630,27617
31014640,32136
31014650,24991
31014660,32009
31014670,30994
31014680,32634
31021510,13354
31021520,30517
31021530,11089
31021540,16759
31021550,14480
31021560,13388
31021570,11332
31021580,14002
31021590,17361
31021600,14012
31021610,4587
31021620,9398
31021640,4335
31021650,11220
31021660,3233
31021670,13278
31021680,44645
31022510,32361
31022530,19428
31022540,24407
31022550,9223
31022560,21028
31022570,23974
31022580,3039
31022590,11402
31022600,18899
31022610,25625
31022620,16571
31023510,23238
31023520,12681
31023530,16894
31023540,9664
31023550,13650
31023560,15840
31023580,29216
31023590,16674
31023600,23488
31023610,12185
31023620,16093
31023630,25473
31023640,14812
31023670,26843
31023680,34528
31023710,25949
31023720,15334
31023740,22914
31023750,25135
31023760,25375
31023770,28513
31023780,13421
31030520,29906
31030550,33961
31030560,18152
31030570,39216
31030580,43541
31030591,30152
31030600,25206
31030640,19569
31030650,31568
31030670,18758
31030680,23424
31030690,40692
31030700,30684
31030710,44721
31030721,26966
31041510,12314
31041520,23391
31041530,16325
31041540,6922
31041550,10504
31041560,26918
31041570,14764
31041580,8655
31041590,15643
31041600,18955
31041610,29087
31041630,14531
31041640,20140
31041651,11831
31042510,27726
31042520,14041
31042530,16905
31042540,15505
31042550,9305
31042580,25555
31042590,13265
31042600,21864
31042610,15356
31042620,25430
31042630,22897
31042640,22525
31042650,14436
31042660,11782
31042670,9953
31042681,31681
31042691,17594
31051511,13292
31051521,23637
31051531,11844
31051541,12066
31051551,7011
31051561,17178
31051571,16674
31051581,19132
31051591,14425
31051601,21414
31051611,21831
31051621,18182
31051631,16974
31051641,40068
31051651,28795
31051661,21944
31051671,16675
31051681,23229
31051691,27523
31051701,29628
31052511,18310
31052521,17911
31052531,20051
31052541,25537
31052551,29642
31052561,29132
31052571,28056
31052581,30828
31052591,18514
31052601,22884
31053511,37589
31053521,25136
31053531,12145
31053541,20999
31053551,18410
31053561,19119
31053571,18297
31060510,0
31060520,3162
31060530,10292
31060540,7496
31060550,11859
31060560,13468
31060570,22033
31060580,10122
31060590,5281
31060600,35346
31060610,9014
31060620,24592
31060630,12769
31060640,18374
31060650,11420
31060660,29184
31060680,1761
31060690,25163
31060700,21035
31070110,28144
31070120,45726
31070130,28917
31070140,28074
31070310,11346
31070320,4730
31070330,12848
31070340,6541
31070370,5614
31070510,42400
31070520,25412
31070530,25013
31070550,12784
31070560,20850
31070570,7668
31070580,5342
31070590,21108
31070600,14159
31070610,5942
31070640,37525
31070650,56720
31070660,26797
31070670,50589
31070680,41599
31070690,49907
31080510,6210
31080520,10553
31080530,4897
31080550,3552
31080560,24890
31080580,9549
31080600,5247
31080610,24568
31091510,24604
31091540,36661
31091550,25202
31091560,19335
31091570,20622
31091580,35783
31091620,23962
31091710,16497
31091730,8281
31091740,27423
31091760,35298
31091770,30520
31091780,44140
31092590,38217
31092660,51946
31092680,18655
31092690,27513
31092700,34663
31092720,8912
31092730,41991
31092740,20394
31092750,25073
31092760,30598
31092770,25144
31092780,30117
31101510,10499
31101511,28665
31101512,21519
31101513,27363
31101514,21549
31101515,18873
31101520,22159
31101540,22482
31101550,10037
31101560,25579
31101580,22608
31101590,27562
31101600,34204
31101610,17503
31101620,34112
31101630,30471
31101640,14086
31101650,19746
31101660,28879
31101670,27746
31101680,16804
31103510,39535
31103511,19986
31103512,23021
31103530,20965
31103540,35612
31103550,27542
31103560,21628
31103570,14513
31103580,16487
31103590,26198
31103600,23525
31103610,19566
31104510,24737
31104511,28812
31104512,18197
31104513,29533
31104514,17890
31104520,19478
31104530,31730
31104550,24928
31104560,25596
31104570,33577
31104580,19466
31110510,10623
31110521,16109
31110522,15394
31110530,13927
31110540,13281
31110550,5686
31110560,6193
31120510,29882
31120520,34375
31120530,23086
31120540,14423
31120550,20051
31120560,16272
31120570,23693
31120580,20320
31130110,55808
31130111,110560
31130120,96296
31130140,20049
31130150,50522
31130160,26243
31130310,17329
31130340,9490
31130350,3456
31130510,54395
31130520,36768
31130530,16723
31130540,2384
31130570,80488
31130580,102430
31130590,35444
31140510,36088
31140530,33837
31140550,32323
31140560,19947
31140571,35965
31140572,23315
31140581,48242
31140582,24354
31150510,42068
31150520,33304
31150530,9078
31150540,54064
31150550,11330
31150560,40528
31150590,1798
31150611,30051
31150620,24901
31150640,40955
31150650,43063
31150670,26130
31150680,22554
31150690,18354
31150700,23763
31150710,46291
31150720,19736
31150740,35644
31150750,36113
31150760,12257
31160510,33873
31160520,41182
31160540,17348
31160550,24559
31160560,19800
31160570,16770
31160580,19553
31160590,14547
31160600,18808
31160610,22819
31160630,8855
31160640,19996
31170510,13940
31170520,29136
31170530,32874
31170540,19431
31170550,20410
31170560,35515
31180510,6228
31180520,6801
31180530,43458
31180540,13760
31180550,17096
31180560,26772
31180590,1247
31180600,3096
31180611,29277
31180620,52586
31180630,45132
31180650,33895
31180660,2911
31180670,38613
31191110,31415
31191120,29022
31191130,20997
31191140,23718
31191340,8499
31191350,9209
31191360,21815
31191510,30877
31191530,50169
31191540,13358
31191550,35039
31191560,12155
31192520,40981
31192540,20463
31192550,27993
31192560,37380
31192570,32043
31192590,32758
31192600,23257
31192610,36674
31192630,33273
31192640,18818
31192650,12552
31192660,31528
31192670,30532
31192680,25452
31192690,25784
31193510,34043
31193520,39714
31193530,39121
31193550,17261
31193560,48485
31193580,31211
31193590,51087
31193600,26919
31193610,28472
31193620,18871
31193630,26536
31200110,48190
31200120,14539
31200130,10118
31200150,28176
31200310,10412
31200320,14346
31200350,13289
31200360,3776
31200370,6903
31200390,501
31200511,7897
31200512,50594
31200513,66150
31200514,23275
31200515,50287
31200516,23894
31200520,30287
31200530,21606
31200540,24602
31200570,61847
31210110,14831
31210120,37129
31210310,15290
31210320,12451
31210330,7183
31210340,17706
31210350,14439
31210360,4794
31210370,5036
31210380,3012
31210510,16456
31210520,15888
31210530,9896
31210540,56078
31220110,67384
31220310,5202
31220320,7152
31220330,3719
31220340,6330
31220350,23378
31220360,5690
31220380,6885
31220390,8048
31220400,7919
31220410,5549
31220420,1900
31220510,12296
31220520,29023
31220530,25264
31230110,40466
31230120,48369
31230130,35706
31230340,17433
31230350,7325
31230360,9403
31230530,20889
31230540,57975
31230560,39584
31230600,47997
31230610,56280
31230620,37872
31230630,45054
31230640,35183
31240120,108945
31240130,21019
31240140,99417
31240150,64940
31240310,6442
31240330,8137
31240350,9966
31240360,11838
31240370,8586
31240380,15525
31240390,15128
31240420,6895
31240430,14010
31240520,50399
31240530,36195
31240540,22194
31240550,36407
31240560,16010
31240570,28218
31240600,33250
31240610,48860
31240620,39587
31240640,51283
31240650,45594
31240670,26584
31240691,55004
31240700,43164
31240710,36295
31240720,44187
31250120,54264
31250140,25268
31250340,10654
31250350,15006
31250360,1299
31250380,2115
31250511,29666
31250512,32777
31250513,34521
31250514,22011
31250540,29346
31250550,22839
31250560,17152
31250570,40958
31250580,32116
31250590,32343
31260110,25902
31260310,7175
31260320,7668
31260330,12431
31260340,13119
31260510,4411
31260520,48645
31260530,9247
31260540,44819
31260550,25279
31260561,37953
31260571,56351
31270110,44560
31270310,10959
31270320,5242
31270330,11054
31270340,12659
31270350,2207
31270360,4988
31270370,9297
31270380,5739
31270390,7333
31270400,2472
31270410,3027
31270510,19502
31270520,18127
31280110,15434
31280310,4687
31280330,5219
31280340,2729
31280350,2615
31280360,6785
31280370,4860
31280380,4645
31280390,5856
31280510,20607
31280520,26147
31280530,17893
31550110,7434
31550120,17341
31550310,2930
31550320,4344
31550330,2562
31550340,1603
31550350,931
31550360,2382
31550370,154
31550380,705
31570110,20354
31570310,9876
31570320,12694
31570330,5179
31570350,3361
31570360,8920
31580110,36233
31580310,9549
31580320,4452
31580330,13453
31580340,7596
31580350,8900
31580360,3733
31580370,3739
31580380,4311
31580390,6723
31580400,18087
31580410,4846
32010110,7325
32010310,19678
32010320,1514
32010330,2478
32010340,16451
32010350,991
32010360,3514
32010370,3645
32010380,2226
32010390,915
32010520,4377
32010530,2554
32010540,5291
32010570,8877
32010580,8603
32010600,13742
32010610,13785
32010620,19084
32010630,4027
32010640,18027
32010650,5133
32010660,33499
32010670,45855
32010680,25065
32010710,25127
32020110,19008
32020310,7910
32020320,3246
32020330,32084
32020340,2149
32020350,2026
32020360,14878
32020370,7038
32020380,3392
32020510,2337
32020520,3755
32020530,11832
32020540,7669
32020550,17906
32020560,41902
32020570,8376
32020580,4211
32020600,27169
32020610,15428
32020620,12430
32020630,23387
32020640,7271
32020660,8567
32020670,35766
32020680,45983
32030110,15482
32030310,3392
32030320,1400
32030330,4153
32030340,3905
32030350,3196
32030360,5493
32030370,6339
32030510,15321
32030520,4495
32030540,3198
32030550,24393
32030560,7062
32030570,10535
32030580,11518
32030590,4428
32030600,9358
32030610,22213
32030620,16279
32030650,26437
32030670,13755
32040510,28804
32040520,3325
32040530,20073
32040540,4551
32040550,4614
32040570,2903
32040590,2842
32040600,12950
32040630,3190
32040650,2421
32050510,7271
32050520,3740
32050530,4942
32050540,11307
32050550,2141
32050560,3148
32050580,1717
32050620,3324
32060510,4308
32060520,5133
32060540,5322
32060560,8612
32060570,19990
32060580,28560
32060590,4871
32060600,2962
32070110,9001
32070120,4576
32070310,4894
32070320,1238
32070330,641
32070340,1625
32070350,627
32070360,623
32070510,6356
32070520,7108
32070530,16788
32070540,9476
32510110,32791
32510310,4176
32510320,2343
32510330,2317
32510340,3602
32510360,5498
32510370,3864
32510380,3999
32510390,3244
32510400,3885
32520110,20379
32520310,4485
32520320,3269
32520330,6177
32520340,2386
32520350,2316
32520360,3278
32520370,1923
32520380,1734
32530110,19278
32530120,996
32530330,1898
32530340,2042
32530360,3632
32530380,1715
32530390,2589
32530400,1968
32530410,1331
32540110,8011
32540310,1470
32540320,2424
32540330,4834
32540340,5573
32540350,2943
32540360,8200
32540370,5561
32550110,9468
32550120,3872
32550130,4025
32550140,3191
32550320,3040
32550340,2354
32550350,3272
32550360,1447
32550370,1834
32560110,4630
32560120,3253
32560130,11002
32560140,13767
32560210,82
32560260,0
32560270,0
32560280,0
32560290,0
32560310,5082
32560320,2253
32570110,7867
32570310,2527
32570320,2763
32570330,3488
32570340,5633
32580110,12695
32580320,1883
32580330,1138
32580340,1422
32580350,3305
32590110,10494
32590310,4042
32590320,7349
32590330,4843
32590340,2486
32590350,1953
32600110,7104
32600120,5395
32600260,0
32600310,2146
32600320,3264
32600330,9865
32610110,11952
32610310,2514
32610320,2265
32610330,2577
32610340,2913
32610350,4466
33020110,6622
33020310,1857
33020320,2741
33020340,3093
33020350,2177
33020360,3734
33020380,3736
33020390,3489
33020400,2156
33020410,2910
33020420,1834
33020430,13079
33020440,15000
33020510,2434
33020530,22032
33020540,6551
33020550,13729
33020560,4764
33020570,9027
33020580,22137
33020600,8347
33020610,9416
33020620,13592
33020630,34710
33020640,6737
33030110,6546
33030310,1776
33030320,1230
33030330,1875
33030340,2011
33030350,638
33030360,3137
33030370,4626
33030510,17242
33030560,21756
33030590,15337
33030600,14574
33030700,4620
33030710,9860
33030720,10309
33030730,9824
33030740,5372
33041310,2001
33041320,4430
33041330,3565
33041340,6981
33041350,3282
33041510,6399
33041520,6407
33041530,11211
33041540,9843
33041550,28734
33041560,12400
33041570,56624
33041580,43622
33042310,9747
33042320,3340
33042510,3973
33042520,11464
33042530,17134
33042540,18128
33042550,24826
33042560,28356
33042570,13057
33042580,14733
33042590,46221
33043110,39240
33043310,12415
33043320,17364
33043510,13968
33043520,51502
33043530,17174
33043540,52880
33043550,15167
33043560,24320
33043570,30363
33043580,16655
33044110,19602
33044120,69352
33044310,4618
33044510,17323
33044520,12326
33044530,8242
33044540,17292
33044550,47087
33520110,13808
33520310,1604
33520320,1439
33520330,1959
33520340,1527
33520350,2174
33520360,1811
33520370,656
33520380,1583
33520390,1701
33520400,1596
33530110,27893
33530310,3097
33530320,1244
33530330,1793
33530340,2172
33530350,2734
33530360,3725
33530370,2010
33530380,2748
33540110,20347
33540310,3294
33540320,3791
33540330,2041
33540340,1672
33540350,2051
33540360,2811
33540370,883
33540380,2442
33540390,1637
33540400,2761
33550110,32350
33550120,34149
33550320,3068
33550330,3897
33550340,2112
33550350,8402
33550360,12566
33560110,10581
33560310,1906
33560320,1836
33560330,2155
33560340,3193
33560350,2045
33560360,5193
33560370,3284
33560380,2556
33560390,2081
33560400,2516
33570110,16724
33570120,22635
33570310,2939
33570320,3268
33570330,13824
33570340,20939
33570350,8864
33570360,5484
33570370,11975
33580110,9878
33580120,4812
33580310,1532
33580320,2251
33580330,1865
33580340,2995
33580350,1842
33580360,1422
33590140,36367
33590310,1813
34011110,23265
34011310,9984
34011320,4259
34011330,4431
34011340,3552
34011350,2880
34011360,6655
34011370,2300
34011510,5213
34011520,8635
34011530,8115
34011540,9158
34011550,17145
34011560,21881
34011570,42969
34011580,58811
34011590,50368
34012110,27301
34012120,22903
34012130,22005
34012310,9956
34012510,17607
34012520,26804
34012530,12824
34012540,35840
34012550,17213
34012580,39037
34012600,52577
34012610,63656
34012620,31138
34012630,36283
34020110,6654
34020310,2884
34020320,2812
34020330,4987
34020340,3711
34020360,4314
34020370,4783
34020380,4995
34020390,2576
34020400,3087
34020510,4480
34020550,5576
34020560,7017
34020570,22710
34020580,7361
34020590,16446
34030110,5563
34030310,2710
34030320,4961
34030330,4808
34030340,3507
34030350,2363
34030360,3448
34030370,4787
34030380,2098
34030390,1581
34030400,1901
34030510,12839
34030520,6133
34030530,15428
34030540,17561
34030560,6494
34040110,5851
34040120,92653
34040310,3860
34040330,49648
34040340,25320
34040350,32129
34040360,6084
34040370,6753
34040380,3159
34040390,4533
34040400,35532
34040510,10023
34040520,11852
34040530,38920
34040540,18263
34040550,21566
34040560,26363
34050110,12662
34050310,6865
34050320,4902
34050330,3009
34050340,8805
34050350,17005
34050360,9437
34050370,4766
34050380,9209
34050390,5722
34050510,18171
34050520,17845
34050530,8342
34050540,17611
34050550,34235
34060110,7809
34060120,13083
34060310,4332
34060320,3930
34060330,2772
34060340,3605
34060350,3501
34060360,5990
34060370,2297
34060380,6275
34060390,3105
34060400,5458
34060410,1955
34060510,35381
34060520,15199
34070310,13708
34070330,16169
34070340,7283
34070510,7866
34080110,9556
34080120,30754
34080310,5707
34080320,8026
34080330,2099
34080340,4405
34080350,3645
34080360,5095
34080370,5287
34080380,15219
34080390,11728
34080510,38028
34080520,22427
34080530,15739
34510110,22527
34510310,3167
34510320,2661
34510330,2239
34510340,2413
34510350,2888
34510360,1968
34510370,2968
34510380,2996
34510390,9385
34530110,17814
34530310,12005
34530320,3406
34530330,2139
34530340,1382
34530350,2166
34530360,2640
34530370,1328
34530380,1648
34530390,1014
34530400,1507
34530410,2627
34530420,2550
34530430,2802
34530440,2846
34530450,2056
34540110,11047
34540120,12449
34540310,4498
34540320,2005
34540330,1383
34540340,2210
34540350,1288
34540360,1093
34540370,1142
34540380,1807
34540390,2167
34540400,2716
34540410,4770
34550110,10478
34550310,2074
34550320,2078
34550330,3277
34550340,1385
34550350,1839
34550360,2170
34550370,2491
34550380,1984
34550390,2042
34560110,37778
34560120,7645
34560130,33141
34560320,3286
34560330,3232
34560340,2751
34560350,2289
34560360,2128
34560370,2848
34560380,3649
34560390,3431
34570110,30785
34570120,16429
34570310,2304
34570320,2748
34570330,2783
34570340,1615
34570350,2398
34570360,6333
34570370,2300
34570380,4822
34570390,3294
34570400,4037
34580110,28636
34580120,7756
34580310,2306
34580320,5022
34580330,5880
34580340,5110
34580350,4030
34580360,2074
35011600,6292
35011610,7897
35011620,13747
35011630,18683
35011640,11768
35011650,42641
35011660,38279
35011670,11551
35011680,12085
35011690,21172
35011700,12499
35011710,9667
35011720,13652
35011740,9794
35011750,3579
35011760,10449
35011770,4707
35011780,43014
35011790,35930
35012540,17056
35012550,10334
35012560,29749
35012570,25070
35012600,7311
35012610,11750
35012620,13959
35012630,18288
35012650,63939
35012660,26048
35012670,12194
35012690,12053
35012700,36365
35012710,15735
35012721,22377
35020110,2895
35020310,4253
35020320,2825
35020330,3798
35020340,2413
35020350,4116
35020360,2571
35020370,2590
35020380,1981
35020390,3331
35020400,2397
35020510,2056
35020530,4305
35020550,6168
35020560,4900
35020600,3843
35020640,11257
35020650,27716
35020660,7396
35020670,10469
35020680,2737
35020690,53587
35020700,13002
35020710,20773
35020720,20408
35020730,10847
35020740,32839
35030110,6471
35030310,6611
35030320,6422
35030330,1920
35030340,1327
35030350,1619
35030360,2387
35030370,2670
35030380,2941
35030390,2984
35030400,5064
35030410,5116
35030420,4345
35030430,2531
35030440,1441
35030510,2849
35030530,4184
35030550,5852
35030570,20252
35030580,13613
35030590,9934
35030610,36156
35030620,9585
35030650,23507
35030660,20669
35030690,6647
35030700,29875
35030710,12838
35030720,22582
35040110,4834
35040310,4091
35040320,2458
35040330,1913
35040340,2532
35040350,1502
35040360,1571
35040370,1774
35040380,2168
35040390,3153
35040400,2552
35040410,1441
35040420,1959
35040430,1112
35040440,1803
35040510,16474
35040520,2790
35040530,20490
35040540,3095
35040570,5590
35040580,3593
35040590,4255
35040600,10737
35050110,3525
35050310,2285
35050320,985
35050330,1700
35050340,1592
35050350,2000
35050360,1395
35050370,1506
35050380,1423
35050390,838
35050400,1248
35050410,1524
35050420,2007
35050430,2618
35050440,1773
35050450,1901
35050510,2865
35050520,2896
35050540,5845
35050550,5867
35050560,5255
35050570,6744
35050590,15989
35060110,2686
35060310,2105
35060320,3218
35060330,3315
35060340,3672
35060350,1167
35060360,2370
35060370,1551
35060380,1550
35060390,2191
35060400,4708
35060410,2007
35060420,1815
35060430,4132
35060440,1194
35060510,11030
35060520,12805
35060540,12347
35060580,5829
35510110,24304
35510120,25783
35510130,10460
35510320,4449
35510330,15108
35510340,5538
35510350,5114
35510360,4185
35510370,1777
35510380,1829
35510390,2479
35510400,969
35510410,882
35520110,9158
35520310,778
35520320,983
35520330,1301
35520340,734
35520350,1801
35520360,1617
35520370,1660
35520380,2482
35520390,943
35520400,1398
35530110,9256
35530310,2431
35530320,3633
35530330,2398
35530340,3920
35530350,1266
35540110,6760
35540310,1793
35540320,2018
35540330,4004
35540340,1927
35540350,1899
35540360,1437
35550110,7043
35550310,1145
35550320,1409
35550330,1334
35550340,1363
35550350,3193
35550360,1133
35550370,1343
35550380,2875
35550390,1295
35550400,1048
35550410,1094
35560110,10225
35560310,1383
35560320,1694
35560330,1148
35560340,923
35560350,1588
35560360,1562
35560370,1261
35560380,1937
35560390,1762
35560400,2011
35570110,20582
35570310,2236
35570320,2371
35570330,3037
35570340,2448
35570350,2183
35570360,2427
35570370,1615
35570380,2970
35570390,2229
35570400,2957
35570410,1869
35570420,1916
35570430,2531
35580110,19766
35580310,1608
35580320,2317
35580330,2073
35580340,2734
35580350,2176
35580360,4077
35580370,2059
35580380,2179
35580390,1911
35580400,2170
35580410,2288
35580420,1005
36010510,9267
36010520,4481
36010530,3863
36010550,8814
36010560,10198
36010570,11758
36010580,4676
36010600,6178
36010620,4778
36010630,5709
36010640,2387
36010650,5798
36010670,2941
36010680,8614
36010690,15839
36010700,10409
36010710,22370
36010720,14944
36010730,16215
36010740,4895
36010750,10596
36010760,8099
36010770,21872
36020110,13013
36020310,20727
36020320,5510
36020330,5863
36020340,2681
36020350,2006
36020360,1899
36020510,3772
36020520,2511
36020530,3632
36020540,3420
36020550,5191
36020560,3639
36020570,4765
36020580,10621
36020590,7332
36020600,15767
36020610,19051
36020620,12401
36020630,9292
36020640,10005
36020650,30655
36020660,42532
36020670,19014
36020680,7628
36020690,1961
36020700,971
36030110,2213
36030310,2735
36030320,1318
36030330,698
36030340,2899
36030350,5016
36030360,2853
36030370,54167
36030380,14704
36030390,2411
36030400,1598
36030510,3019
36030540,8759
36030550,28602
36030560,7170
36030570,38876
36030580,6726
36030590,7271
36030600,2463
36030610,1759
36030620,2425
36030630,17688
36030660,39114
36030670,16892
36040110,11642
36040310,2182
36040320,2650
36040330,1219
36040340,1936
36040350,2114
36040360,3458
36040370,1685
36040380,4489
36040390,6614
36040400,2831
36040410,1676
36040420,3494
36040510,8228
36040520,2747
36040540,4277
36040550,10716
36040580,2782
36040600,3938
36040610,39340
36060110,46907
36060310,1905
36060320,2613
36060330,4516
36060340,2392
36060350,2372
36060360,1540
36060510,11283
36060530,55578
36060540,10105
36060550,1470
36060560,9709
36510110,14763
36510310,2379
36510320,2663
36510340,3668
36510350,1740
36510360,2271
36510370,2416
36510380,1694
36510390,2136
36510400,4506
36510410,3948
36510420,1126
36520110,7367
36520310,1562
36520320,1546
36520330,2143
36520340,1218
36520350,1752
36520360,1048
36520370,4330
36520380,2076
36520390,1591
36520400,1357
36530110,9869
36530310,1167
36530320,1309
36530330,2277
36530340,2220
36530350,2018
36530360,1266
36530370,2598
36550110,12071
36550120,10139
36550310,2841
36550320,2645
36550330,3800
36550340,3783
36550350,4328
36550360,1785
36550370,1425
36550380,2427
36550390,1187
36550400,2880
36550410,2085
36550420,2781
36550430,1964
36550440,2635
36560110,8045
36560120,10510
36560310,1003
36560320,1255
36560330,979
36560340,1035
36560350,1494
36560360,818
36560370,3350
36560380,3579
36560390,2962
36560400,1003
36570111,38516
36570310,1236
36570320,1738
36570330,900
36570340,1635
36570350,2892
36570360,2716
36570370,1222
36570380,840
36570400,1423
36570420,2869
36570430,1347
36570440,1840
36580110,13870
36580120,4309
36580130,2936
36580310,2018
36580320,2547
36580330,1054
36580340,1944
36580350,864
36580360,1381
36580370,2428
36590110,12501
36590310,4241
36590320,1975
36590330,951
36590340,1621
36590350,2189
36590360,1550
36590370,2483
36590380,1621
36590390,1368
36590400,542
36600110,22833
36600310,2536
36600320,2924
36600330,2558
36600340,5740
36600350,2383
36600360,1800
36600370,2754
36600380,1916
36600390,2248
36600400,4195
36600410,3285
36600420,3564
36600430,3332
36610110,7421
36610120,31668
36610310,1695
36610320,1789
36610330,3315
36610340,3051
36610350,1957
36610360,2995
36610370,1710
36610380,2770
36610390,1952
36620110,11913
36620120,19850
36620130,37522
36620320,2517
36620330,8392
36620340,4156
36620350,1780
36620360,4240
36620370,2543
36630110,7682
36630310,2944
36630320,1616
36630330,3722
36630340,1763
36630350,2720
36630360,2493
36630370,2718
36630380,3351
36640110,22047
36640120,4058
36640130,6421
36640310,1528
36640320,1633
36640330,1352
36640340,2183
36640350,2055
36640360,3473
36640370,4827
36640380,435
36650110,12837
36650310,3331
36650320,3320
36650330,1874
36650340,2706
36650350,5265
36650360,3773
36650370,1410
36650380,1221
36650390,2491
36650400,1839
36660110,16900
36660120,3891
36660130,5063
36660310,3095
36660320,3374
36660330,4311
36660340,2201
36660350,2255
36660360,2642
36660370,942
36660380,2739
36660390,769
36670110,9868
36670310,2805
36670320,3840
36670330,4078
36670340,3369
36670350,2839
36670360,2649
36680110,4447
36680120,5539
36680310,1604
36680320,2924
36680330,2202
36680340,3278
36680350,2344
36680360,3243
36680370,1410
36680380,1326
36680390,1433
36680400,3068
36680410,901
36680420,1853
37011110,7452
37011120,27771
37011130,57054
37011310,3281
37011320,9158
37011330,3903
37011350,1831
37011550,11333
37011560,4682
37011570,2394
37011580,30970
37011590,23652
37011600,23023
37011610,16040
37012110,54070
37012310,2690
37012320,4446
37012330,2623
37012340,4614
37012350,2635
37012360,1247
37012580,16182
37012610,19909
37012630,31346
37012640,21026
37012650,68287
37012660,8626
37012670,14010
37012680,18820
37020110,5721
37020120,21969
37020130,9682
37020140,26320
37020320,6023
37020330,4329
37020340,2961
37020350,2931
37020360,21565
37020370,6308
37020380,5690
37020390,3772
37020510,5275
37020550,22370
37020580,5150
37020590,14737
37020620,25411
37020630,26663
37020640,21133
37020660,9769
37020670,1621
37020680,5714
37020690,3619
37030110,7522
37030310,2848
37030320,2914
37030330,2132
37030340,3120
37030350,4211
37030360,2748
37030370,3081
37030380,1657
37030390,1965
37030400,2493
37030410,1407
37030420,1108
37030430,1984
37030440,918
37030550,3403
37030560,25886
37030580,20244
37030590,10612
37030600,6057
37030610,6993
37030620,22884
37040110,6889
37040310,3558
37040320,2707
37040330,3987
37040340,6991
37040350,2391
37040360,1822
37040370,1867
37040380,2649
37040390,2450
37040400,1529
37040410,1588
37040420,1413
37040430,1537
37040510,5272
37040520,4469
37040540,25904
37040560,11956
37040580,5797
37040590,5764
37040600,19761
37040610,15010
37040620,8189
37040630,10192
37050110,13339
37050120,38554
37050130,31587
37050310,1672
37050320,1512
37050330,1998
37050340,3391
37050360,2769
37050510,22823
37050550,26478
37050560,1837
37050570,37666
37050590,12404
37050600,15114
37050610,4750
37050620,2954
37050660,4134
37050670,29842
37050690,17533
37050700,46502
37050710,17214
37050720,46352
37050730,12820
37050740,4629
37050750,9491
37060110,11200
37060310,2055
37060320,1277
37060330,1899
37060340,1983
37060350,2875
37060360,2321
37060370,1774
37060380,1579
37060390,2653
37060510,7058
37060530,5521
37060550,3373
37060580,4349
37060590,6191
37060600,10076
37060610,7144
37060620,15157
37060630,10666
37070110,10488
37070310,3980
37070320,3925
37070330,2880
37070340,2061
37070350,2931
37070360,1194
37070370,3991
37070380,6028
37070390,4182
37070400,3202
37070510,27034
37070520,9127
37070530,4564
37070540,9721
37070550,4215
37080110,6013
37080320,1243
37080330,3689
37080340,2321
37080350,3622
37080360,1434
37080370,1803
37080380,2751
37080390,2523
37080400,2131
37080410,2558
37080420,1405
37080430,2261
37080440,1414
37080450,1910
37080460,1833
37080470,796
37080480,3546
37080520,11067
37080530,9240
37080540,8746
37080550,7558
37080560,3075
37080570,9519
37090110,6494
37090120,3684
37090310,2198
37090320,2749
37090330,2270
37090340,2427
37090350,1911
37090360,3315
37090370,2329
37090570,5206
37090580,6423
37090590,8247
37090600,2886
37090610,15366
37100110,39485
37100120,43674
37100130,22741
37100310,5418
37100320,6675
37100330,2977
37100340,3543
37100360,2842
37100510,5924
37100520,41673
37100530,32071
37100540,18717
37100550,24054
37100560,10950
37100570,37785
37520110,12065
37520310,1769
37520320,1481
37520330,1610
37520340,1476
37520350,1415
37520360,1390
37520370,3884
37520380,3791
37520390,2370
37520400,1587
37520410,1506
37520420,1544
37520430,4194
37520440,3471
37520450,766
37520460,1962
37520470,813
37530110,4827
37530320,2316
37530330,1979
37530340,2210
37530350,2363
37530360,1584
37530370,6016
37530380,1784
37540110,6501
37540310,1934
37540320,1549
37540330,1615
37540340,1585
37540350,1875
37550110,9922
37550310,5571
37550320,2198
37550330,962
37550340,1776
37550350,2483
37550360,5793
37550370,2512
37550380,1438
37560110,7866
37560120,10676
37560310,2041
37560320,4000
37560330,2257
37560340,4484
37560350,1729
37560360,2995
37560370,3431
37570120,9346
37570310,1371
37570320,1690
37570330,2592
37570340,9204
37570350,2013
37570360,1492
37570370,3226
37580110,13778
37580310,6136
37580320,3290
37580330,2902
37580340,1861
37580351,1088
37580360,2102
37580370,2741
37580380,3990
37580390,3180
37590110,32103
37590120,22829
37590130,30422
37590310,4080
37590320,5201
37590330,3451
37590360,8793
37590370,3164
37600110,14134
37600121,20260
37600310,1984
37600340,2316
37600350,1468
37600370,2373
37600380,2146
37600390,1440
37600400,2437
37600410,2735
37600420,1093
37600430,1223
37610110,9008
37610310,2669
37610320,1799
37610330,1812
37610340,4074
37610350,1908
37610360,1786
37610370,1377
37610380,1997
37610390,1542
37620110,12770
37620120,2487
37620310,6966
37620330,2565
37620350,2304
37620360,1525
37620370,6290
37620380,7300
37620390,1063
37620400,2004
37630110,5950
37630310,1299
37630320,1266
38030110,8037
38030310,3957
38030320,9134
38030330,2122
38030340,1933
38030350,2364
38030360,1502
38030370,1673
38030380,1323
38030390,3099
38030400,19540
38030410,4259
38030420,1532
38030430,3635
38030440,1045
38030450,2134
38030650,11438
38030660,25216
38030670,25413
38030680,11397
38030690,9859
38030700,19892
38030710,40210
38030720,28494
38030730,9390
38030740,9853
38030750,12961
38030760,33174
38030770,18558
38030780,23001
38050110,4442
38050310,11812
38050320,3143
38050330,30794
38050340,2016
38050350,1932
38050360,1400
38050520,2444
38050530,3349
38050540,8113
38050550,9727
38050560,13091
38050620,8731
38050630,10117
38050640,9093
38060110,17301
38060310,13241
38060320,18025
38060330,6930
38060340,1822
38060350,3104
38060360,2603
38060370,3196
38060510,5769
38060520,4790
38060530,6099
38060550,14416
38060570,7078
38060590,4844
38070110,58521
38070320,21551
38070330,8131
38070340,9219
38070350,4547
38070360,4058
38070370,4800
38070510,9803
38070520,8854
38070530,9869
38070540,70886
38070550,81354
38070560,9057
38070580,39574
38070590,36758
38070600,6647
38070610,57662
38070620,36916
38070630,71654
38080110,7082
38080120,6838
38080310,5604
38080320,3097
38080330,3140
38080340,3378
38080350,4383
38080360,7802
38080370,3331
38080380,4666
38080390,1802
38080510,2508
38080520,17397
38080530,5507
38080540,18753
38080550,7247
38090310,7565
38090320,2818
38090330,1413
38090340,7014
38090350,2680
38090360,12018
38090370,8767
38090380,4150
38090390,3936
38090530,8693
38090540,27861
38090550,7624
38090560,24196
38090570,25402
38090580,36139
38090590,33319
38090600,21656
38090610,6033
38100120,115169
38100310,52516
38100320,2878
38100330,13497
38100340,7619
38100520,21682
38100530,9052
38100540,28392
38100550,20907
38100560,27753
38100570,19757
38100580,11111
38100590,29296
38111110,17939
38111310,42096
38111320,6911
38111510,47749
38111520,25854
38111530,38484
38111540,31768
38112510,38269
38112520,39282
38112530,25736
38112540,43638
38112550,36610
38112560,26147
38112570,8680
38112580,25778
38113310,3934
38113320,11585
38113330,3451
38113340,3646
38113510,13971
38113520,4792
38113530,42454
38113540,10767
38113570,8174
38113580,8781
38113640,6318
38113650,11327
38113660,12889
38113670,17745
38113680,18431
38114110,59935
38114510,9305
38114520,9272
38114550,5219
38114560,10142
38114570,31684
38114580,8454
38114590,8437
38114600,7981
38114610,8822
38114620,4005
38114630,15609
38115540,7621
38115550,3492
38115560,10177
38115570,6726
38115580,16706
38115590,8226
38115600,19751
38115610,9009
38115620,24043
38115630,13850
38115640,8503
38115650,45395
38115660,15473
38510110,8884
38510310,1591
38510320,1199
38510330,976
38510340,1434
38510350,1362
38510360,1227
38510370,1677
38510380,687
38510390,2581
38510400,961
38510410,992
38510420,1038
38520110,16824
38520120,18500
38520310,2297
38520320,6736
38520330,3011
38520340,3192
38520350,5745
38520360,1955
38520380,2591
38520390,824
38530110,15890
38530120,11737
38530310,1752
38530320,1469
38530330,3832
38530340,2175
38530350,1545
38530360,2316
38530370,2356
38530380,5365
38530390,1799
38530400,2585
38530410,1439
38530420,3506
38540110,22480
38540310,1896
38540320,1732
38540330,2454
38540340,1450
38540350,1491
38540360,782
38540370,1309
38540380,1017
38540390,932
38540400,3278
38540410,1610
38540420,3080
38540430,4153
38550110,11961
38550310,3470
38550320,1583
38550330,3646
38550340,2202
38550350,3113
38550360,2238
38550370,3084
38550380,2545
38550390,5169
38560110,8710
38560310,2606
38560320,3026
38560330,1777
38560340,1726
38560350,1873
38560360,3009
38560370,2475
38560380,5247
38560390,1484
38560400,1474
38560410,1209
38560420,4088
38570110,6434
38570310,1245
38570320,949
38570330,1791
38570340,2984
38570350,1604
38570360,3779
38570370,5405
38570380,5328
38570390,1154
38570400,1807
38580110,16602
38580310,1836
38580320,1382
38580330,1528
38580340,2234
38580350,1882
38580360,4028
38580370,1265
38580380,1711
38580390,1437
38580400,1168
38590110,39190
38590310,1389
38590320,1703
38590330,1296
38590340,1436
38590350,1799
38590360,1851
38590370,2271
38590380,1317
38590390,1540
38590400,3351
38590410,1250
38600110,10351
38600310,1256
38600320,1345
38600330,3672
38600340,2189
38600350,2043
38600360,2087
38600370,1108
38600380,746
38600390,1442
38600400,1272
38600410,1723
38600420,1522
38600430,2843
38600440,1563
38600450,1738
38600460,2050
39010110,22103
39010120,37757
39010130,14798
39010140,25346
39010310,9401
39010320,1866
39010330,1527
39010510,2124
39010520,30740
39010530,7634
39010540,47194
39010550,12635
39010560,8090
39010570,6405
39010580,13613
39010590,8729
39010600,23195
39010610,25848
39010620,5133
39010630,43692
39010640,16006
39010650,43648
39010660,56410
39010670,22235
39010680,4466
39010690,3313
39020110,22457
39020120,17727
39020130,15475
39020310,12382
39020320,12422
39020510,4124
39020520,2161
39020530,3019
39020540,3346
39020550,5233
39020560,5282
39020570,22426
39020580,10804
39020590,14715
39020600,13438
39020610,12053
39020620,3845
